cycleNumber, x, Tf, Ts , Tf* , Ts*,status, sigma, d, u_f, Re, Pr, Nu_fs,h_fs,h, hv, hv_f, hv_s, alpha_f, alpha_s,ex_d_out,ex_d_in,ex_c_out,ex_c_in, eta, Q_charged, Q_discharged,Q_max,capacity_factor
1,0.0,872.7944917906632,872.7941794727091,872.7944917462461,872.7941793376664,1,0.01,4.684583261346903E-7,0.1,0.837536121673004,7646.219230769229,11.159159077770239,193.42542401468415,149.9261347401809,17991.136168821708,0.016207879874822122,0.012814199550442811,4.6845832613469043E-7,1.4245014245014244E-6,0.0,0.0,8787242.449757295,5.778804698770436E10,0.0,1.292093561305998E11,0.0,4.294558939996918E11,0.0
1,0.1,872.6996762424443,872.6993795155993,872.6996762002522,872.6993793872688,1,0.01,4.684583261346903E-7,0.1,0.837536121673004,7646.219230769229,11.159159077770239,193.42542401468415,149.9261347401809,17991.136168821708,0.016207879874822122,0.012814199550442811,4.6845832613469043E-7,1.4245014245014244E-6,0.0,0.0,8787242.449757295,5.778804698770436E10,0.0,1.292093561305998E11,0.0,4.294558939996918E11,0.0
1,0.2,872.5147946866311,872.5144915741287,872.5147946435321,872.5144914430321,1,0.01,4.684583261346903E-7,0.1,0.837536121673004,7646.219230769229,11.159159077770239,193.42542401468415,149.9261347401809,17991.136168821708,0.016207879874822122,0.012814199550442811,4.6845832613469043E-7,1.4245014245014244E-6,0.0,0.0,8787242.449757295,5.778804698770436E10,0.0,1.292093561305998E11,0.0,4.294558939996918E11,0.0
1,0.30000000000000004,872.2379113022535,872.2375738161289,872.2379112542644,872.2375736701754,1,0.01,4.684583261346903E-7,0.1,0.837536121673004,7646.219230769229,11.159159077770239,193.42542401468415,149.9261347401809,17991.136168821708,0.016207879874822122,0.012814199550442811,4.6845832613469043E-7,1.4245014245014244E-6,0.0,0.0,8787242.449757295,5.778804698770436E10,0.0,1.292093561305998E11,0.0,4.294558939996918E11,0.0
1,0.4,871.85858748599,871.8581966513943,871.8585874304129,871.8581964823775,1,0.01,4.684583261346903E-7,0.1,0.837536121673004,7646.219230769229,11.159159077770239,193.42542401468415,149.9261347401809,17991.136168821708,0.016207879874822122,0.012814199550442811,4.6845832613469043E-7,1.4245014245014244E-6,0.0,0.0,8787242.449757295,5.778804698770436E10,0.0,1.292093561305998E11,0.0,4.294558939996918E11,0.0
1,0.5,871.3606251651335,871.3601696354215,871.3606251003553,871.3601694384319,1,0.01,4.684583261346903E-7,0.1,0.837536121673004,7646.219230769229,11.159159077770239,193.42542401468415,149.9261347401809,17991.136168821708,0.016207879874822122,0.012814199550442811,4.6845832613469043E-7,1.4245014245014244E-6,0.0,0.0,8787242.449757295,5.778804698770436E10,0.0,1.292093561305998E11,0.0,4.294558939996918E11,0.0
1,0.6000000000000001,870.7243833790528,870.723855928757,870.7243833040466,870.7238557006685,1,0.01,4.684583261346903E-7,0.1,0.837536121673004,7646.219230769229,11.159159077770239,193.42542401468415,149.9261347401809,17991.136168821708,0.016207879874822122,0.012814199550442811,4.6845832613469043E-7,1.4245014245014244E-6,0.0,0.0,8787242.449757295,5.778804698770436E10,0.0,1.292093561305998E11,0.0,4.294558939996918E11,0.0
1,0.7000000000000001,869.9280286546149,869.9274241750328,869.9280285686542,869.9274239136358,1,0.01,4.684583261346903E-7,0.1,0.837536121673004,7646.219230769229,11.159159077770239,193.42542401468415,149.9261347401809,17991.136168821708,0.016207879874822122,0.012814199550442811,4.6845832613469043E-7,1.4245014245014244E-6,0.0,0.0,8787242.449757295,5.778804698770436E10,0.0,1.292093561305998E11,0.0,4.294558939996918E11,0.0
1,0.8,868.9481770704136,868.9474917252439,868.9481769729531,868.9474914288792,1,0.01,4.684583261346903E-7,0.1,0.837536121673004,7646.219230769229,11.159159077770239,193.42542401468415,149.9261347401809,17991.136168821708,0.016207879874822122,0.012814199550442811,4.6845832613469043E-7,1.4245014245014244E-6,0.0,0.0,8787242.449757295,5.778804698770436E10,0.0,1.292093561305998E11,0.0,4.294558939996918E11,0.0
1,0.9,867.7602802645847,867.7595112062645,867.7602801552193,867.7595108737006,1,0.01,4.684583261346903E-7,0.1,0.837536121673004,7646.219230769229,11.159159077770239,193.42542401468415,149.9261347401809,17991.136168821708,0.016207879874822122,0.012814199550442811,4.6845832613469043E-7,1.4245014245014244E-6,0.0,0.0,8787242.449757295,5.778804698770436E10,0.0,1.292093561305998E11,0.0,4.294558939996918E11,0.0
1,1.0,866.338925478669,866.3380707969127,866.3389253571272,866.3380704273235,1,0.01,4.684583261346903E-7,0.1,0.837536121673004,7646.219230769229,11.159159077770239,193.42542401468415,149.9261347401809,17991.136168821708,0.016207879874822122,0.012814199550442811,4.6845832613469043E-7,1.4245014245014244E-6,0.0,0.0,8787242.449757295,5.778804698770436E10,0.0,1.292093561305998E11,0.0,4.294558939996918E11,0.0
1,1.1,864.6581200444036,864.6571787972018,864.6581199105514,864.6571783901802,1,0.01,4.684583261346903E-7,0.1,0.837536121673004,7646.219230769229,11.159159077770239,193.42542401468415,149.9261347401809,17991.136168821708,0.016207879874822122,0.012814199550442811,4.6845832613469043E-7,1.4245014245014244E-6,0.0,0.0,8787242.449757295,5.778804698770436E10,0.0,1.292093561305998E11,0.0,4.294558939996918E11,0.0
1,1.2000000000000002,862.6915853256925,862.6905575904673,862.6915851795408,862.6905571460466,1,0.01,4.684583261346903E-7,0.1,0.837536121673004,7646.219230769229,11.159159077770239,193.42542401468415,149.9261347401809,17991.136168821708,0.016207879874822122,0.012814199550442811,4.6845832613469043E-7,1.4245014245014244E-6,0.0,0.0,8787242.449757295,5.778804698770436E10,0.0,1.292093561305998E11,0.0,4.294558939996918E11,0.0
1,1.3,860.4130661419504,860.4119530618844,860.4130659836618,860.4119525805592,1,0.01,4.684583261346903E-7,0.1,0.837536121673004,7646.219230769229,11.159159077770239,193.42542401468415,149.9261347401809,17991.136168821708,0.016207879874822122,0.012814199550442811,4.6845832613469043E-7,1.4245014245014244E-6,0.0,0.0,8787242.449757295,5.778804698770436E10,0.0,1.292093561305998E11,0.0,4.294558939996918E11,0.0
1,1.4000000000000001,857.7966543386443,857.7954581561745,857.7966541685377,857.7954576389143,1,0.01,4.684583261346903E-7,0.1,0.837536121673004,7646.219230769229,11.159159077770239,193.42542401468415,149.9261347401809,17991.136168821708,0.016207879874822122,0.012814199550442811,4.6845832613469043E-7,1.4245014245014244E-6,0.0,0.0,8787242.449757295,5.778804698770436E10,0.0,1.292093561305998E11,0.0,4.294558939996918E11,0.0
1,1.5,854.8171224791547,854.8158465527649,854.8171222977077,854.815846001022,1,0.01,4.684583261346903E-7,0.1,0.837536121673004,7646.219230769229,11.159159077770239,193.42542401468415,149.9261347401809,17991.136168821708,0.016207879874822122,0.012814199550442811,4.6845832613469043E-7,1.4245014245014244E-6,0.0,0.0,8787242.449757295,5.778804698770436E10,0.0,1.292093561305998E11,0.0,4.294558939996918E11,0.0
1,1.6,851.4502626447926,851.4489114481058,851.4502624526414,851.4489108638148,1,0.01,4.684583261346903E-7,0.1,0.837536121673004,7646.219230769229,11.159159077770239,193.42542401468415,149.9261347401809,17991.136168821708,0.016207879874822122,0.012814199550442811,4.6845832613469043E-7,1.4245014245014244E-6,0.0,0.0,8787242.449757295,5.778804698770436E10,0.0,1.292093561305998E11,0.0,4.294558939996918E11,0.0
1,1.7000000000000002,847.6732249592329,847.671804061986,847.6732247571696,847.6718034475554,1,0.01,4.684583261346903E-7,0.1,0.837536121673004,7646.219230769229,11.159159077770239,193.42542401468415,149.9261347401809,17991.136168821708,0.016207879874822122,0.012814199550442811,4.6845832613469043E-7,1.4245014245014244E-6,0.0,0.0,8787242.449757295,5.778804698770436E10,0.0,1.292093561305998E11,0.0,4.294558939996918E11,0.0
1,1.8,843.4648503339739,843.4633663649014,843.464850122941,843.4633657231975,1,0.01,4.684583261346903E-7,0.1,0.837536121673004,7646.219230769229,11.159159077770239,193.42542401468415,149.9261347401809,17991.136168821708,0.016207879874822122,0.012814199550442811,4.6845832613469043E-7,1.4245014245014244E-6,0.0,0.0,8787242.449757295,5.778804698770436E10,0.0,1.292093561305998E11,0.0,4.294558939996918E11,0.0
1,1.9000000000000001,838.8059919554561,838.8044525476449,838.8059917365392,838.8044518819685,1,0.01,4.684583261346903E-7,0.1,0.837536121673004,7646.219230769229,11.159159077770239,193.42542401468415,149.9261347401809,17991.136168821708,0.016207879874822122,0.012814199550442811,4.6845832613469043E-7,1.4245014245014244E-6,0.0,0.0,8787242.449757295,5.778804698770436E10,0.0,1.292093561305998E11,0.0,4.294558939996918E11,0.0
1,2.0,833.679820176042,833.678233895475,833.6798199504593,833.6782332095302,1,0.01,4.684583261346903E-7,0.1,0.837536121673004,7646.219230769229,11.159159077770239,193.42542401468415,149.9261347401809,17991.136168821708,0.016207879874822122,0.012814199550442811,4.6845832613469043E-7,1.4245014245014244E-6,0.0,0.0,8787242.449757295,5.778804698770436E10,0.0,1.292093561305998E11,0.0,4.294558939996918E11,0.0
1,2.1,828.0721057155604,828.0704819740264,828.0721054846504,828.070481271883,1,0.01,4.684583261346903E-7,0.1,0.837536121673004,7646.219230769229,11.159159077770239,193.42542401468415,149.9261347401809,17991.136168821708,0.016207879874822122,0.012814199550442811,4.6845832613469043E-7,1.4245014245014244E-6,0.0,0.0,8787242.449757295,5.778804698770436E10,0.0,1.292093561305998E11,0.0,4.294558939996918E11,0.0
1,2.2,821.9714764230001,821.9698253767633,821.971476188207,821.969824662813,1,0.01,4.684583261346903E-7,0.1,0.837536121673004,7646.219230769229,11.159159077770239,193.42542401468415,149.9261347401809,17991.136168821708,0.016207879874822122,0.012814199550442811,4.6845832613469043E-7,1.4245014245014244E-6,0.0,0.0,8787242.449757295,5.778804698770436E10,0.0,1.292093561305998E11,0.0,4.294558939996918E11,0.0
1,2.3000000000000003,815.3696432802086,815.3679757161491,815.3696430430664,815.3679749950564,1,0.01,4.684583261346903E-7,0.1,0.837536121673004,7646.219230769229,11.159159077770239,193.42542401468415,149.9261347401809,17991.136168821708,0.016207879874822122,0.012814199550442811,4.6845832613469043E-7,1.4245014245014244E-6,0.0,0.0,8787242.449757295,5.778804698770436E10,0.0,1.292093561305998E11,0.0,4.294558939996918E11,0.0
1,2.4000000000000004,808.2615918388734,808.2599190499885,808.2615916009881,808.2599183266368,1,0.01,4.684583261346903E-7,0.1,0.837536121673004,7646.219230769229,11.159159077770239,193.42542401468415,149.9261347401809,17991.136168821708,0.016207879874822122,0.012814199550442811,4.6845832613469043E-7,1.4245014245014244E-6,0.0,0.0,8787242.449757295,5.778804698770436E10,0.0,1.292093561305998E11,0.0,4.294558939996918E11,0.0
1,2.5,800.6457358619089,800.644069514247,800.6457356249396,800.6440687936808,1,0.01,4.684583261346903E-7,0.1,0.837536121673004,7646.219230769229,11.159159077770239,193.42542401468415,149.9261347401809,17991.136168821708,0.016207879874822122,0.012814199550442811,4.6845832613469043E-7,1.4245014245014244E-6,0.0,0.0,8787242.449757295,5.778804698770436E10,0.0,1.292093561305998E11,0.0,4.294558939996918E11,0.0
1,2.6,792.5240305733869,792.5223825666798,792.5240303390258,792.5223818540449,1,0.01,4.684583261346903E-7,0.1,0.837536121673004,7646.219230769229,11.159159077770239,193.42542401468415,149.9261347401809,17991.136168821708,0.016207879874822122,0.012814199550442811,4.6845832613469043E-7,1.4245014245014244E-6,0.0,0.0,8787242.449757295,5.778804698770436E10,0.0,1.292093561305998E11,0.0,4.294558939996918E11,0.0
1,2.7,783.9020435969219,783.9004259211999,783.9020433668741,783.900425221681,1,0.01,4.684583261346903E-7,0.1,0.837536121673004,7646.219230769229,11.159159077770239,193.42542401468415,149.9261347401809,17991.136168821708,0.016207879874822122,0.012814199550442811,4.6845832613469043E-7,1.4245014245014244E-6,0.0,0.0,8787242.449757295,5.778804698770436E10,0.0,1.292093561305998E11,0.0,4.294558939996918E11,0.0
1,2.8000000000000003,774.788982366705,774.7874069572476,774.7889821426678,774.7874062760056,1,0.01,4.684583261346903E-7,0.1,0.837536121673004,7646.219230769229,11.159159077770239,193.42542401468415,149.9261347401809,17991.136168821708,0.016207879874822122,0.012814199550442811,4.6845832613469043E-7,1.4245014245014244E-6,0.0,0.0,8787242.449757295,5.778804698770436E10,0.0,1.292093561305998E11,0.0,4.294558939996918E11,0.0
1,2.9000000000000004,765.1976775117835,765.1961561048435,765.1976772954259,765.1961554469534,1,0.01,4.684583261346903E-7,0.1,0.837536121673004,7646.219230769229,11.159159077770239,193.42542401468415,149.9261347401809,17991.136168821708,0.016207879874822122,0.012814199550442811,4.6845832613469043E-7,1.4245014245014244E-6,0.0,0.0,8787242.449757295,5.778804698770436E10,0.0,1.292093561305998E11,0.0,4.294558939996918E11,0.0
1,3.0,755.1445224314728,755.1430664229626,755.1445222244154,755.1430657933523,1,0.01,4.684583261346903E-7,0.1,0.837536121673004,7646.219230769229,11.159159077770239,193.42542401468415,149.9261347401809,17991.136168821708,0.016207879874822122,0.012814199550442811,4.6845832613469043E-7,1.4245014245014244E-6,0.0,0.0,8787242.449757295,5.778804698770436E10,0.0,1.292093561305998E11,0.0,4.294558939996918E11,0.0
1,3.1,744.6493699813676,744.6479902908532,744.6493697851633,744.6479896942444,1,0.01,4.684583261346903E-7,0.1,0.837536121673004,7646.219230769229,11.159159077770239,193.42542401468415,149.9261347401809,17991.136168821708,0.016207879874822122,0.012814199550442811,4.6845832613469043E-7,1.4245014245014244E-6,0.0,0.0,8787242.449757295,5.778804698770436E10,0.0,1.292093561305998E11,0.0,4.294558939996918E11,0.0
1,3.2,733.7353878658394,733.7340948078422,733.735387681955,733.7340942486952,1,0.01,4.684583261346903E-7,0.1,0.837536121673004,7646.219230769229,11.159159077770239,193.42542401468415,149.9261347401809,17991.136168821708,0.016207879874822122,0.012814199550442811,4.6845832613469043E-7,1.4245014245014244E-6,0.0,0.0,8787242.449757295,5.778804698770436E10,0.0,1.292093561305998E11,0.0,4.294558939996918E11,0.0
1,3.3000000000000003,722.4288749654548,722.4276781300442,722.4288747952543,722.4276776125059,1,0.01,4.684583261346903E-7,0.1,0.837536121673004,7646.219230769229,11.159159077770239,193.42542401468415,149.9261347401809,17991.136168821708,0.016207879874822122,0.012814199550442811,4.6845832613469043E-7,1.4245014245014244E-6,0.0,0.0,8787242.449757295,5.778804698770436E10,0.0,1.292093561305998E11,0.0,4.294558939996918E11,0.0
1,3.4000000000000004,710.7590414138813,710.757949558257,710.7590412586097,710.7579490861142,1,0.01,4.684583261346903E-7,0.1,0.837536121673004,7646.219230769229,11.159159077770239,193.42542401468415,149.9261347401809,17991.136168821708,0.016207879874822122,0.012814199550442811,4.6845832613469043E-7,1.4245014245014244E-6,0.0,0.0,8787242.449757295,5.778804698770436E10,0.0,1.292093561305998E11,0.0,4.294558939996918E11,0.0
1,3.5,698.7577557619006,698.7567767144578,698.7577556226715,698.7567762910957,1,0.01,4.684583261346903E-7,0.1,0.837536121673004,7646.219230769229,11.159159077770239,193.42542401468415,149.9261347401809,17991.136168821708,0.016207879874822122,0.012814199550442811,4.6845832613469043E-7,1.4245014245014244E-6,0.0,0.0,8787242.449757295,5.778804698770436E10,0.0,1.292093561305998E11,0.0,4.294558939996918E11,0.0
1,3.6,686.4592630197817,686.4584035979209,686.4592628975644,686.4584032262873,1,0.01,4.684583261346903E-7,0.1,0.837536121673004,7646.219230769229,11.159159077770239,193.42542401468415,149.9261347401809,17991.136168821708,0.016207879874822122,0.012814199550442811,4.6845832613469043E-7,1.4245014245014244E-6,0.0,0.0,8787242.449757295,5.778804698770436E10,0.0,1.292093561305998E11,0.0,4.294558939996918E11,0.0
1,3.7,673.899877750263,673.8991436929421,673.8998776458737,673.8991433755187,1,0.01,4.684583261346903E-7,0.1,0.837536121673004,7646.219230769229,11.159159077770239,193.42542401468415,149.9261347401809,17991.136168821708,0.016207879874822122,0.012814199550442811,4.6845832613469043E-7,1.4245014245014244E-6,0.0,0.0,8787242.449757295,5.778804698770436E10,0.0,1.292093561305998E11,0.0,4.294558939996918E11,0.0
1,3.8000000000000003,661.1176566825045,661.1170525982087,661.1176565965985,661.1170523369884,1,0.01,4.684583261346903E-7,0.1,0.837536121673004,7646.219230769229,11.159159077770239,193.42542401468415,149.9261347401809,17991.136168821708,0.016207879874822122,0.012814199550442811,4.6845832613469043E-7,1.4245014245014244E-6,0.0,0.0,8787242.449757295,5.778804698770436E10,0.0,1.292093561305998E11,0.0,4.294558939996918E11,0.0
1,3.9000000000000004,648.1520555328666,648.1515848634378,648.1520554659335,648.151584659909,1,0.01,4.684583261346903E-7,0.1,0.837536121673004,7646.219230769229,11.159159077770239,193.42542401468415,149.9261347401809,17991.136168821708,0.016207879874822122,0.012814199550442811,4.6845832613469043E-7,1.4245014245014244E-6,0.0,0.0,8787242.449757295,5.778804698770436E10,0.0,1.292093561305998E11,0.0,4.294558939996918E11,0.0
1,4.0,635.0435748501026,635.0432398506298,635.043574802463,635.0432397057674,1,0.01,4.684583261346903E-7,0.1,0.837536121673004,7646.219230769229,11.159159077770239,193.42542401468415,149.9261347401809,17991.136168821708,0.016207879874822122,0.012814199550442811,4.6845832613469043E-7,1.4245014245014244E-6,0.0,0.0,8787242.449757295,5.778804698770436E10,0.0,1.292093561305998E11,0.0,4.294558939996918E11,0.0
1,4.1000000000000005,621.8333997490009,621.8332014836236,621.8333997208061,621.833201397888,1,0.01,4.684583261346903E-7,0.1,0.837536121673004,7646.219230769229,11.159159077770239,193.42542401468415,149.9261347401809,17991.136168821708,0.016207879874822122,0.012814199550442811,4.6845832613469043E-7,1.4245014245014244E-6,0.0,0.0,8787242.449757295,5.778804698770436E10,0.0,1.292093561305998E11,0.0,4.294558939996918E11,0.0
1,4.2,608.5630383608659,608.5629767139013,608.5630383520995,608.5629766872424,1,0.01,4.684583261346903E-7,0.1,0.837536121673004,7646.219230769229,11.159159077770239,193.42542401468415,149.9261347401809,17991.136168821708,0.016207879874822122,0.012814199550442811,4.6845832613469043E-7,1.4245014245014244E-6,0.0,0.0,8787242.449757295,5.778804698770436E10,0.0,1.292093561305998E11,0.0,4.294558939996918E11,0.0
1,4.3,595.2739637136558,595.2740374160564,595.2739637241373,595.2740374479256,1,0.01,4.684583261346903E-7,0.1,0.837536121673004,7646.219230769229,11.159159077770239,193.42542401468415,149.9261347401809,17991.136168821708,0.016207879874822122,0.012814199550442811,4.6845832613469043E-7,1.4245014245014244E-6,0.0,0.0,8787242.449757295,5.778804698770436E10,0.0,1.292093561305998E11,0.0,4.294558939996918E11,0.0
1,4.4,582.0072635687457,582.0074702382176,582.0072635981363,582.0074703275845,1,0.01,4.684583261346903E-7,0.1,0.837536121673004,7646.219230769229,11.159159077770239,193.42542401468415,149.9261347401809,17991.136168821708,0.016207879874822122,0.012814199550442811,4.6845832613469043E-7,1.4245014245014244E-6,0.0,0.0,8787242.449757295,5.778804698770436E10,0.0,1.292093561305998E11,0.0,4.294558939996918E11,0.0
1,4.5,568.803302481839,568.8036386761498,568.8033025296492,568.8036388215262,1,0.01,4.684583261346903E-7,0.1,0.837536121673004,7646.219230769229,11.159159077770239,193.42542401468415,149.9261347401809,17991.136168821708,0.016207879874822122,0.012814199550442811,4.6845832613469043E-7,1.4245014245014244E-6,0.0,0.0,8787242.449757295,5.778804698770436E10,0.0,1.292093561305998E11,0.0,4.294558939996918E11,0.0
1,4.6000000000000005,555.701400041378,555.7018613234635,555.7014001069767,555.7018615229306,1,0.01,4.684583261346903E-7,0.1,0.837536121673004,7646.219230769229,11.159159077770239,193.42542401468415,149.9261347401809,17991.136168821708,0.016207879874822122,0.012814199550442811,4.6845832613469043E-7,1.4245014245014244E-6,0.0,0.0,8787242.449757295,5.778804698770436E10,0.0,1.292093561305998E11,0.0,4.294558939996918E11,0.0
1,4.7,542.7395288668076,542.7401098802987,542.7395289494333,542.7401101315404,1,0.01,4.684583261346903E-7,0.1,0.837536121673004,7646.219230769229,11.159159077770239,193.42542401468415,149.9261347401809,17991.136168821708,0.016207879874822122,0.012814199550442811,4.6845832613469043E-7,1.4245014245014244E-6,0.0,0.0,8787242.449757295,5.778804698770436E10,0.0,1.292093561305998E11,0.0,4.294558939996918E11,0.0
1,4.800000000000001,529.9540355369988,529.9547300907251,529.9540356357709,529.9547303910641,1,0.01,4.684583261346903E-7,0.1,0.837536121673004,7646.219230769229,11.159159077770239,193.42542401468415,149.9261347401809,17991.136168821708,0.016207879874822122,0.012814199550442811,4.6845832613469043E-7,1.4245014245014244E-6,0.0,0.0,8787242.449757295,5.778804698770436E10,0.0,1.292093561305998E11,0.0,4.294558939996918E11,0.0
1,4.9,517.3793871702799,517.3801883301768,517.3793872842123,517.3801886766148,1,0.01,4.684583261346903E-7,0.1,0.837536121673004,7646.219230769229,11.159159077770239,193.42542401468415,149.9261347401809,17991.136168821708,0.016207879874822122,0.012814199550442811,4.6845832613469043E-7,1.4245014245014244E-6,0.0,0.0,8787242.449757295,5.778804698770436E10,0.0,1.292093561305998E11,0.0,4.294558939996918E11,0.0
1,5.0,505.04794590519367,505.0488460920051,505.0479460332085,505.0488464812647,1,0.01,4.684583261346903E-7,0.1,0.837536121673004,7646.219230769229,11.159159077770239,193.42542401468415,149.9261347401809,17991.136168821708,0.016207879874822122,0.012814199550442811,4.6845832613469043E-7,1.4245014245014244E-6,0.0,0.0,8787242.449757295,5.778804698770436E10,0.0,1.292093561305998E11,0.0,4.294558939996918E11,0.0
1,5.1000000000000005,492.98977304168466,492.9907641328299,492.9897731826269,492.9907645613988,1,0.01,4.684583261346903E-7,0.1,0.837536121673004,7646.219230769229,11.159159077770239,193.42542401468415,149.9261347401809,17991.136168821708,0.016207879874822122,0.012814199550442811,4.6845832613469043E-7,1.4245014245014244E-6,0.0,0.0,8787242.449757295,5.778804698770436E10,0.0,1.292093561305998E11,0.0,4.294558939996918E11,0.0
1,5.2,481.23246410669674,481.2335375406846,481.2324642593488,481.2335380048606,1,0.01,4.684583261346903E-7,0.1,0.837536121673004,7646.219230769229,11.159159077770239,193.42542401468415,149.9261347401809,17991.136168821708,0.016207879874822122,0.012814199550442811,4.6845832613469043E-7,1.4245014245014244E-6,0.0,0.0,8787242.449757295,5.778804698770436E10,0.0,1.292093561305998E11,0.0,4.294558939996918E11,0.0
1,5.300000000000001,469.8010156151534,469.80216249693586,469.8010157782503,469.8021629928726,1,0.01,4.684583261346903E-7,0.1,0.837536121673004,7646.219230769229,11.159159077770239,193.42542401468415,149.9261347401809,17991.136168821708,0.016207879874822122,0.012814199550442811,4.6845832613469043E-7,1.4245014245014244E-6,0.0,0.0,8787242.449757295,5.778804698770436E10,0.0,1.292093561305998E11,0.0,4.294558939996918E11,0.0
1,5.4,458.71772381445345,458.7189350202075,458.7177239866977,458.71893554395956,1,0.01,4.684583261346903E-7,0.1,0.837536121673004,7646.219230769229,11.159159077770239,193.42542401468415,149.9261347401809,17991.136168821708,0.016207879874822122,0.012814199550442811,4.6845832613469043E-7,1.4245014245014244E-6,0.0,0.0,8787242.449757295,5.778804698770436E10,0.0,1.292093561305998E11,0.0,4.294558939996918E11,0.0
1,5.5,448.0021152370603,448.0033815169417,448.0021154171365,448.00338206450937,1,0.01,4.684583261346903E-7,0.1,0.837536121673004,7646.219230769229,11.159159077770239,193.42542401468415,149.9261347401809,17991.136168821708,0.016207879874822122,0.012814199550442811,4.6845832613469043E-7,1.4245014245014244E-6,0.0,0.0,8787242.449757295,5.778804698770436E10,0.0,1.292093561305998E11,0.0,4.294558939996918E11,0.0
1,5.6000000000000005,437.67090844733383,437.67222052487784,437.6709086339228,437.6722210922498,1,0.01,4.684583261346903E-7,0.1,0.837536121673004,7646.219230769229,11.159159077770239,193.42542401468415,149.9261347401809,17991.136168821708,0.016207879874822122,0.012814199550442811,4.6845832613469043E-7,1.4245014245014244E-6,0.0,0.0,8787242.449757295,5.778804698770436E10,0.0,1.292093561305998E11,0.0,4.294558939996918E11,0.0
1,5.7,427.73800596232786,427.7393546292723,427.73800615412006,427.73935521246665,1,0.01,4.684583261346903E-7,0.1,0.837536121673004,7646.219230769229,11.159159077770239,193.42542401468415,149.9261347401809,17991.136168821708,0.016207879874822122,0.012814199550442811,4.6845832613469043E-7,1.4245014245014244E-6,0.0,0.0,8787242.449757295,5.778804698770436E10,0.0,1.292093561305998E11,0.0,4.294558939996918E11,0.0
1,5.800000000000001,418.21451495704196,418.21589116248407,418.2145151527503,418.21589175758703,1,0.01,4.684583261346903E-7,0.1,0.837536121673004,7646.219230769229,11.159159077770239,193.42542401468415,149.9261347401809,17991.136168821708,0.016207879874822122,0.012814199550442811,4.6845832613469043E-7,1.4245014245014244E-6,0.0,0.0,8787242.449757295,5.778804698770436E10,0.0,1.292093561305998E11,0.0,4.294558939996918E11,0.0
1,5.9,409.108795037061,409.1101899700335,409.10879523543247,409.110190573235,1,0.01,4.684583261346903E-7,0.1,0.837536121673004,7646.219230769229,11.159159077770239,193.42542401468415,149.9261347401809,17991.136168821708,0.016207879874822122,0.012814199550442811,4.6845832613469043E-7,1.4245014245014244E-6,0.0,0.0,8787242.449757295,5.778804698770436E10,0.0,1.292093561305998E11,0.0,4.294558939996918E11,0.0
1,6.0,400.4265310777639,400.42793624244507,400.4265312775903,400.4279368500714,1,0.01,4.684583261346903E-7,0.1,0.837536121673004,7646.219230769229,11.159159077770239,193.42542401468415,149.9261347401809,17991.136168821708,0.016207879874822122,0.012814199550442811,4.6845832613469043E-7,1.4245014245014244E-6,0.0,0.0,8787242.449757295,5.778804698770436E10,0.0,1.292093561305998E11,0.0,4.294558939996918E11,0.0
1,6.1000000000000005,392.17082889406066,392.1722361769879,392.1708290941882,392.1722367855305,1,0.01,4.684583261346903E-7,0.1,0.837536121673004,7646.219230769229,11.159159077770239,193.42542401468415,149.9261347401809,17991.136168821708,0.016207879874822122,0.012814199550442811,4.6845832613469043E-7,1.4245014245014244E-6,0.0,0.0,8787242.449757295,5.778804698770436E10,0.0,1.292093561305998E11,0.0,4.294558939996918E11,0.0
1,6.2,384.3423313155817,384.34373304443096,384.34233151491935,384.34373365057223,1,0.01,4.684583261346903E-7,0.1,0.837536121673004,7646.219230769229,11.159159077770239,193.42542401468415,149.9261347401809,17991.136168821708,0.016207879874822122,0.012814199550442811,4.6845832613469043E-7,1.4245014245014244E-6,0.0,0.0,8787242.449757295,5.778804698770436E10,0.0,1.292093561305998E11,0.0,4.294558939996918E11,0.0
1,6.300000000000001,376.939352103874,376.9407410974799,376.93935230140045,376.9407416981145,1,0.01,4.684583261346903E-7,0.1,0.837536121673004,7646.219230769229,11.159159077770239,193.42542401468415,149.9261347401809,17991.136168821708,0.016207879874822122,0.012814199550442811,4.6845832613469043E-7,1.4245014245014244E-6,0.0,0.0,8787242.449757295,5.778804698770436E10,0.0,1.292093561305998E11,0.0,4.294558939996918E11,0.0
1,6.4,369.958025056074,369.9593946655725,369.9580252508438,369.95939525782535,1,0.01,4.684583261346903E-7,0.1,0.837536121673004,7646.219230769229,11.159159077770239,193.42542401468415,149.9261347401809,17991.136168821708,0.016207879874822122,0.012814199550442811,4.6845832613469043E-7,1.4245014245014244E-6,0.0,0.0,8787242.449757295,5.778804698770436E10,0.0,1.292093561305998E11,0.0,4.294558939996918E11,0.0
1,6.5,363.39246559487765,363.3938097359323,363.3924657860255,363.3938103171723,1,0.01,4.684583261346903E-7,0.1,0.837536121673004,7646.219230769229,11.159159077770239,193.42542401468415,149.9261347401809,17991.136168821708,0.016207879874822122,0.012814199550442811,4.6845832613469043E-7,1.4245014245014244E-6,0.0,0.0,8787242.449757295,5.778804698770436E10,0.0,1.292093561305998E11,0.0,4.294558939996918E11,0.0
1,6.6000000000000005,357.2349421438666,357.236255320145,357.2349423306109,357.23625588799547,1,0.01,4.684583261346903E-7,0.1,0.837536121673004,7646.219230769229,11.159159077770239,193.42542401468415,149.9261347401809,17991.136168821708,0.016207879874822122,0.012814199550442811,4.6845832613469043E-7,1.4245014245014244E-6,0.0,0.0,8787242.449757295,5.778804698770436E10,0.0,1.292093561305998E11,0.0,4.294558939996918E11,0.0
1,6.7,351.47605462828346,351.4773319464253,351.47605480992837,351.4773324987702,1,0.01,4.684583261346903E-7,0.1,0.837536121673004,7646.219230769229,11.159159077770239,193.42542401468415,149.9261347401809,17991.136168821708,0.016207879874822122,0.012814199550442811,4.6845832613469043E-7,1.4245014245014244E-6,0.0,0.0,8787242.449757295,5.778804698770436E10,0.0,1.292093561305998E11,0.0,4.294558939996918E11,0.0
1,6.800000000000001,346.1049175197075,346.10615469616306,346.10491769564385,346.10615523115007,1,0.01,4.684583261346903E-7,0.1,0.837536121673004,7646.219230769229,11.159159077770239,193.42542401468415,149.9261347401809,17991.136168821708,0.016207879874822122,0.012814199550442811,4.6845832613469043E-7,1.4245014245014244E-6,0.0,0.0,8787242.449757295,5.778804698770436E10,0.0,1.292093561305998E11,0.0,4.294558939996918E11,0.0
1,6.9,341.1093449567562,341.1105383169696,341.10934512646145,341.1105388330097,1,0.01,4.684583261346903E-7,0.1,0.837536121673004,7646.219230769229,11.159159077770239,193.42542401468415,149.9261347401809,17991.136168821708,0.016207879874822122,0.012814199550442811,4.6845832613469043E-7,1.4245014245014244E-6,0.0,0.0,8787242.449757295,5.778804698770436E10,0.0,1.292093561305998E11,0.0,4.294558939996918E11,0.0
1,7.0,336.47603561584896,336.4771820863231,336.476035778886,336.47718258208727,1,0.01,4.684583261346903E-7,0.1,0.837536121673004,7646.219230769229,11.159159077770239,193.42542401468415,149.9261347401809,17991.136168821708,0.016207879874822122,0.012814199550442811,4.6845832613469043E-7,1.4245014245014244E-6,0.0,0.0,8787242.449757295,5.778804698770436E10,0.0,1.292093561305998E11,0.0,4.294558939996918E11,0.0
1,7.1000000000000005,332.19075517516205,332.1918522690475,332.1907553311773,332.19185274346023,1,0.01,4.684583261346903E-7,0.1,0.837536121673004,7646.219230769229,11.159159077770239,193.42542401468415,149.9261347401809,17991.136168821708,0.016207879874822122,0.012814199550442811,4.6845832613469043E-7,1.4245014245014244E-6,0.0,0.0,8787242.449757295,5.778804698770436E10,0.0,1.292093561305998E11,0.0,4.294558939996918E11,0.0
1,7.2,328.23851440342696,328.2395602003123,328.23851455214725,328.2395606525432,1,0.01,4.684583261346903E-7,0.1,0.837536121673004,7646.219230769229,11.159159077770239,193.42542401468415,149.9261347401809,17991.136168821708,0.016207879874822122,0.012814199550442811,4.6845832613469043E-7,1.4245014245014244E-6,0.0,0.0,8787242.449757295,5.778804698770436E10,0.0,1.292093561305998E11,0.0,4.294558939996918E11,0.0
1,7.300000000000001,324.6037411102649,324.6047342308452,324.6037412514941,324.6047346602978,1,0.01,4.684583261346903E-7,0.1,0.837536121673004,7646.219230769229,11.159159077770239,193.42542401468415,149.9261347401809,17991.136168821708,0.016207879874822122,0.012814199550442811,4.6845832613469043E-7,1.4245014245014244E-6,0.0,0.0,8787242.449757295,5.778804698770436E10,0.0,1.292093561305998E11,0.0,4.294558939996918E11,0.0
1,7.4,321.2704444115473,321.2713839879623,321.2704445451621,321.27138439426125,1,0.01,4.684583261346903E-7,0.1,0.837536121673004,7646.219230769229,11.159159077770239,193.42542401468415,149.9261347401809,17991.136168821708,0.016207879874822122,0.012814199550442811,4.6845832613469043E-7,1.4245014245014244E-6,0.0,0.0,8787242.449757295,5.778804698770436E10,0.0,1.292093561305998E11,0.0,4.294558939996918E11,0.0
1,7.5,318.2223699866926,318.22325562927443,318.2223701126375,318.2232560122512,1,0.01,4.684583261346903E-7,0.1,0.837536121673004,7646.219230769229,11.159159077770239,193.42542401468415,149.9261347401809,17991.136168821708,0.016207879874822122,0.012814199550442811,4.6845832613469043E-7,1.4245014245014244E-6,0.0,0.0,8787242.449757295,5.778804698770436E10,0.0,1.292093561305998E11,0.0,4.294558939996918E11,0.0
1,7.6000000000000005,315.44314523108324,315.44397699206974,315.44314534936564,315.443977351747,1,0.01,4.684583261346903E-7,0.1,0.837536121673004,7646.219230769229,11.159159077770239,193.42542401468415,149.9261347401809,17991.136168821708,0.016207879874822122,0.012814199550442811,4.6845832613469043E-7,1.4245014245014244E-6,0.0,0.0,8787242.449757295,5.778804698770436E10,0.0,1.292093561305998E11,0.0,4.294558939996918E11,0.0
1,7.7,312.91641343157715,312.9171917669754,312.916413542262,312.9171921035502,1,0.01,4.684583261346903E-7,0.1,0.837536121673004,7646.219230769229,11.159159077770239,193.42542401468415,149.9261347401809,17991.136168821708,0.016207879874822122,0.012814199550442811,4.6845832613469043E-7,1.4245014245014244E-6,0.0,0.0,8787242.449757295,5.778804698770436E10,0.0,1.292093561305998E11,0.0,4.294558939996918E11,0.0
1,7.800000000000001,310.6259563136867,310.62668204342333,310.6259564168906,310.6266823572502,1,0.01,4.684583261346903E-7,0.1,0.837536121673004,7646.219230769229,11.159159077770239,193.42542401468415,149.9261347401809,17991.136168821708,0.016207879874822122,0.012814199550442811,4.6845832613469043E-7,1.4245014245014244E-6,0.0,0.0,8787242.449757295,5.778804698770436E10,0.0,1.292093561305998E11,0.0,4.294558939996918E11,0.0
1,7.9,308.5558045203523,308.55647878774175,308.55580461623777,308.55647907931507,1,0.01,4.684583261346903E-7,0.1,0.837536121673004,7646.219230769229,11.159159077770239,193.42542401468415,149.9261347401809,17991.136168821708,0.016207879874822122,0.012814199550442811,4.6845832613469043E-7,1.4245014245014244E-6,0.0,0.0,8787242.449757295,5.778804698770436E10,0.0,1.292093561305998E11,0.0,4.294558939996918E11,0.0
1,8.0,306.69033578300713,306.69096001405075,306.69033587177705,306.6909602839871,1,0.01,4.684583261346903E-7,0.1,0.837536121673004,7646.219230769229,11.159159077770239,193.42542401468415,149.9261347401809,17991.136168821708,0.016207879874822122,0.012814199550442811,4.6845832613469043E-7,1.4245014245014244E-6,0.0,0.0,8787242.449757295,5.778804698770436E10,0.0,1.292093561305998E11,0.0,4.294558939996918E11,0.0
1,8.1,305.01436073349385,305.01493659655296,305.01436081538543,305.01493684557386,1,0.01,4.684583261346903E-7,0.1,0.837536121673004,7646.219230769229,11.159159077770239,193.42542401468415,149.9261347401809,17991.136168821708,0.016207879874822122,0.012814199550442811,4.6845832613469043E-7,1.4245014245014244E-6,0.0,0.0,8787242.449757295,5.778804698770436E10,0.0,1.292093561305998E11,0.0,4.294558939996918E11,0.0
1,8.200000000000001,303.5131964769233,303.51372584331347,303.5131965522027,303.513726072228,1,0.01,4.684583261346903E-7,0.1,0.837536121673004,7646.219230769229,11.159159077770239,193.42542401468415,149.9261347401809,17991.136168821708,0.016207879874822122,0.012814199550442811,4.6845832613469043E-7,1.4245014245014244E-6,0.0,0.0,8787242.449757295,5.778804698770436E10,0.0,1.292093561305998E11,0.0,4.294558939996918E11,0.0
1,8.3,302.1727282000278,302.17321310596054,302.17272826898454,302.17321331564926,1,0.01,4.684583261346903E-7,0.1,0.837536121673004,7646.219230769229,11.159159077770239,193.42542401468415,149.9261347401809,17991.136168821708,0.016207879874822122,0.012814199550442811,4.6845832613469043E-7,1.4245014245014244E-6,0.0,0.0,8787242.449757295,5.778804698770436E10,0.0,1.292093561305998E11,0.0,4.294558939996918E11,0.0
1,8.4,300.979459227243,300.97990183751654,300.979459290185,300.9799020289155,1,0.01,4.684583261346903E-7,0.1,0.837536121673004,7646.219230769229,11.159159077770239,193.42542401468415,149.9261347401809,17991.136168821708,0.016207879874822122,0.012814199550442811,4.6845832613469043E-7,1.4245014245014244E-6,0.0,0.0,8787242.449757295,5.778804698770436E10,0.0,1.292093561305998E11,0.0,4.294558939996918E11,0.0
1,8.5,299.92055005387715,299.92095262763354,299.92055011112564,299.92095280171964,1,0.01,4.684583261346903E-7,0.1,0.837536121673004,7646.219230769229,11.159159077770239,193.42542401468415,149.9261347401809,17991.136168821708,0.016207879874822122,0.012814199550442811,4.6845832613469043E-7,1.4245014245014244E-6,0.0,0.0,8787242.449757295,5.778804698770436E10,0.0,1.292093561305998E11,0.0,4.294558939996918E11,0.0
1,8.6,298.9838469851045,298.98421184392663,298.98384703698963,298.9842120017037,1,0.01,4.684583261346903E-7,0.1,0.837536121673004,7646.219230769229,11.159159077770239,193.42542401468415,149.9261347401809,17991.136168821708,0.016207879874822122,0.012814199550442811,4.6845832613469043E-7,1.4245014245014244E-6,0.0,0.0,8787242.449757295,5.778804698770436E10,0.0,1.292093561305998E11,0.0,4.294558939996918E11,0.0
1,8.700000000000001,298.15790108950785,298.1582305880543,298.1579011363645,298.15823073054065,1,0.01,4.684583261346903E-7,0.1,0.837536121673004,7646.219230769229,11.159159077770239,193.42542401468415,149.9261347401809,17991.136168821708,0.016207879874822122,0.012814199550442811,4.6845832613469043E-7,1.4245014245014244E-6,0.0,0.0,8787242.449757295,5.778804698770436E10,0.0,1.292093561305998E11,0.0,4.294558939996918E11,0.0
1,8.8,297.4319782371947,297.4322747364988,297.4319782793586,297.43227486471534,1,0.01,4.684583261346903E-7,0.1,0.837536121673004,7646.219230769229,11.159159077770239,193.42542401468415,149.9261347401809,17991.136168821708,0.016207879874822122,0.012814199550442811,4.6845832613469043E-7,1.4245014245014244E-6,0.0,0.0,8787242.449757295,5.778804698770436E10,0.0,1.292093561305998E11,0.0,4.294558939996918E11,0.0
1,8.9,296.79606103632005,296.79632687988675,296.7960610741245,296.7963269948468,1,0.01,4.684583261346903E-7,0.1,0.837536121673004,7646.219230769229,11.159159077770239,193.42542401468415,149.9261347401809,17991.136168821708,0.016207879874822122,0.012814199550442811,4.6845832613469043E-7,1.4245014245014244E-6,0.0,0.0,8787242.449757295,5.778804698770436E10,0.0,1.292093561305998E11,0.0,4.294558939996918E11,0.0
1,9.0,296.2408435085423,296.2410810012237,296.240843542315,296.241081103924,1,0.01,4.684583261346903E-7,0.1,0.837536121673004,7646.219230769229,11.159159077770239,193.42542401468415,149.9261347401809,17991.136168821708,0.016207879874822122,0.012814199550442811,4.6845832613469043E-7,1.4245014245014244E-6,0.0,0.0,8787242.449757295,5.778804698770436E10,0.0,1.292093561305998E11,0.0,4.294558939996918E11,0.0
1,9.1,295.75771935537983,295.75793074506385,295.75771938544057,295.7579308364764,1,0.01,4.684583261346903E-7,0.1,0.837536121673004,7646.219230769229,11.159159077770239,193.42542401468415,149.9261347401809,17991.136168821708,0.016207879874822122,0.012814199550442811,4.6845832613469043E-7,1.4245014245014244E-6,0.0,0.0,8787242.449757295,5.778804698770436E10,0.0,1.292093561305998E11,0.0,4.294558939996918E11,0.0
1,9.200000000000001,295.3387646640361,295.3389521260701,295.3387646906941,295.33895220713566,1,0.01,4.684583261346903E-7,0.1,0.837536121673004,7646.219230769229,11.159159077770239,193.42542401468415,149.9261347401809,17991.136168821708,0.016207879874822122,0.012814199550442811,4.6845832613469043E-7,1.4245014245014244E-6,0.0,0.0,8787242.449757295,5.778804698770436E10,0.0,1.292093561305998E11,0.0,4.294558939996918E11,0.0
1,9.3,294.9767158858154,294.97688151008816,294.97671590936795,294.97688158171036,1,0.01,4.684583261346903E-7,0.1,0.837536121673004,7646.219230769229,11.159159077770239,193.42542401468415,149.9261347401809,17991.136168821708,0.016207879874822122,0.012814199550442811,4.6845832613469043E-7,1.4245014245014244E-6,0.0,0.0,8787242.449757295,5.778804698770436E10,0.0,1.292093561305998E11,0.0,4.294558939996918E11,0.0
1,9.4,294.6649438928192,294.665089673376,294.6649439135499,294.6650897364171,1,0.01,4.684583261346903E-7,0.1,0.837536121673004,7646.219230769229,11.159159077770239,193.42542401468415,149.9261347401809,17991.136168821708,0.016207879874822122,0.012814199550442811,4.6845832613469043E-7,1.4245014245014244E-6,0.0,0.0,8787242.449757295,5.778804698770436E10,0.0,1.292093561305998E11,0.0,4.294558939996918E11,0.0
1,9.5,294.39742488240387,294.39755270945386,294.3974249005814,294.3975527647313,1,0.01,4.684583261346903E-7,0.1,0.837536121673004,7646.219230769229,11.159159077770239,193.42542401468415,149.9261347401809,17991.136168821708,0.016207879874822122,0.012814199550442811,4.6845832613469043E-7,1.4245014245014244E-6,0.0,0.0,8787242.449757295,5.778804698770436E10,0.0,1.292093561305998E11,0.0,4.294558939996918E11,0.0
1,9.600000000000001,294.168708854204,294.1688205083349,294.1687088700817,294.1688205566186,1,0.01,4.684583261346903E-7,0.1,0.837536121673004,7646.219230769229,11.159159077770239,193.42542401468415,149.9261347401809,17991.136168821708,0.016207879874822122,0.012814199550442811,4.6845832613469043E-7,1.4245014245014244E-6,0.0,0.0,8787242.449757295,5.778804698770436E10,0.0,1.292093561305998E11,0.0,4.294558939996918E11,0.0
1,9.700000000000001,293.97388633355865,293.9739834820073,293.97388634737354,293.9739835240183,1,0.01,4.684583261346903E-7,0.1,0.837536121673004,7646.219230769229,11.159159077770239,193.42542401468415,149.9261347401809,17991.136168821708,0.016207879874822122,0.012814199550442811,4.6845832613469043E-7,1.4245014245014244E-6,0.0,0.0,8787242.449757295,5.778804698770436E10,0.0,1.292093561305998E11,0.0,4.294558939996918E11,0.0
1,9.8,293.8085539601252,293.8086381548737,293.808553972098,293.808638191283,1,0.01,4.684583261346903E-7,0.1,0.837536121673004,7646.219230769229,11.159159077770239,193.42542401468415,149.9261347401809,17991.136168821708,0.016207879874822122,0.012814199550442811,4.6845832613469043E-7,1.4245014245014244E-6,0.0,0.0,8787242.449757295,5.778804698770436E10,0.0,1.292093561305998E11,0.0,4.294558939996918E11,0.0
1,9.9,293.66877950107363,293.6688521786067,293.6687795114086,293.6688522100356,1,0.01,4.684583261346903E-7,0.1,0.837536121673004,7646.219230769229,11.159159077770239,193.42542401468415,149.9261347401809,17991.136168821708,0.016207879874822122,0.012814199550442811,4.6845832613469043E-7,1.4245014245014244E-6,0.0,0.0,8787242.449757295,5.778804698770436E10,0.0,1.292093561305998E11,0.0,4.294558939996918E11,0.0
1,10.0,293.55106678836023,293.55112927085173,293.5510667972454,293.5511292978719,1,0.01,4.684583261346903E-7,0.1,0.837536121673004,7646.219230769229,11.159159077770239,193.42542401468415,149.9261347401809,17991.136168821708,0.016207879874822122,0.012814199550442811,4.6845832613469043E-7,1.4245014245014244E-6,0.0,0.0,8787242.449757295,5.778804698770436E10,0.0,1.292093561305998E11,0.0,4.294558939996918E11,0.0
1,10.100000000000001,293.45232101770796,293.4523745154532,293.4523210253155,293.452374538588,1,0.01,4.684583261346903E-7,0.1,0.837536121673004,7646.219230769229,11.159159077770239,193.42542401468415,149.9261347401809,17991.136168821708,0.016207879874822122,0.012814199550442811,4.6845832613469043E-7,1.4245014245014244E-6,0.0,0.0,8787242.449757295,5.778804698770436E10,0.0,1.292093561305998E11,0.0,4.294558939996918E11,0.0
1,10.200000000000001,293.369814786488,293.36986040138817,293.3698147929746,293.36986042111414,1,0.01,4.684583261346903E-7,0.1,0.837536121673004,7646.219230769229,11.159159077770239,193.42542401468415,149.9261347401809,17991.136168821708,0.016207879874822122,0.012814199550442811,4.6845832613469043E-7,1.4245014245014244E-6,0.0,0.0,8787242.449757295,5.778804698770436E10,0.0,1.292093561305998E11,0.0,4.294558939996918E11,0.0
1,10.3,293.30115518889977,293.3011939188098,293.3011551944073,293.30119393555844,1,0.01,4.684583261346903E-7,0.1,0.837536121673004,7646.219230769229,11.159159077770239,193.42542401468415,149.9261347401809,17991.136168821708,0.016207879874822122,0.012814199550442811,4.6845832613469043E-7,1.4245014245014244E-6,0.0,0.0,8787242.449757295,5.778804698770436E10,0.0,1.292093561305998E11,0.0,4.294558939996918E11,0.0
1,10.4,293.24425222967227,293.2442849734221,293.2442522343285,293.2442849875821,1,0.01,4.684583261346903E-7,0.1,0.837536121673004,7646.219230769229,11.159159077770239,193.42542401468415,149.9261347401809,17991.136168821708,0.016207879874822122,0.012814199550442811,4.6845832613469043E-7,1.4245014245014244E-6,0.0,0.0,8787242.449757295,5.778804698770436E10,0.0,1.292093561305998E11,0.0,4.294558939996918E11,0.0
1,10.5,293.19728876370243,293.19731632664235,293.19728876762196,293.1973163385619,1,0.01,4.684583261346903E-7,0.1,0.837536121673004,7646.219230769229,11.159159077770239,193.42542401468415,149.9261347401809,17991.136168821708,0.016207879874822122,0.012814199550442811,4.6845832613469043E-7,1.4245014245014244E-6,0.0,0.0,8787242.449757295,5.778804698770436E10,0.0,1.292093561305998E11,0.0,4.294558939996918E11,0.0
1,10.600000000000001,293.1586921195662,293.1587152194852,293.15869212285105,293.15871522947475,1,0.01,4.684583261346903E-7,0.1,0.837536121673004,7646.219230769229,11.159159077770239,193.42542401468415,149.9261347401809,17991.136168821708,0.016207879874822122,0.012814199550442811,4.6845832613469043E-7,1.4245014245014244E-6,0.0,0.0,8787242.449757295,5.778804698770436E10,0.0,1.292093561305998E11,0.0,4.294558939996918E11,0.0
1,10.700000000000001,293.1271075182261,293.12712679149246,293.12710752096683,293.12712679982724,1,0.01,4.684583261346903E-7,0.1,0.837536121673004,7646.219230769229,11.159159077770239,193.42542401468415,149.9261347401809,17991.136168821708,0.016207879874822122,0.012814199550442811,4.6845832613469043E-7,1.4245014245014244E-6,0.0,0.0,8787242.449757295,5.778804698770436E10,0.0,1.292093561305998E11,0.0,4.294558939996918E11,0.0
1,10.8,293.1013733568495,293.10138936466547,293.10137335912583,293.1013893715881,1,0.01,4.684583261346903E-7,0.1,0.837536121673004,7646.219230769229,11.159159077770239,193.42542401468415,149.9261347401809,17991.136168821708,0.016207879874822122,0.012814199550442811,4.6845832613469043E-7,1.4245014245014244E-6,0.0,0.0,8787242.449757295,5.778804698770436E10,0.0,1.292093561305998E11,0.0,4.294558939996918E11,0.0
1,10.9,293.0804983903587,293.0805116250027,293.08049839224066,293.0805116307261,1,0.01,4.684583261346903E-7,0.1,0.837536121673004,7646.219230769229,11.159159077770239,193.42542401468415,149.9261347401809,17991.136168821708,0.016207879874822122,0.012814199550442811,4.6845832613469043E-7,1.4245014245014244E-6,0.0,0.0,8787242.449757295,5.778804698770436E10,0.0,1.292093561305998E11,0.0,4.294558939996918E11,0.0
1,11.0,293.0636408105815,293.06365170158085,293.0636408121302,293.0636517062907,1,0.01,4.684583261346903E-7,0.1,0.837536121673004,7646.219230769229,11.159159077770239,193.42542401468415,149.9261347401809,17991.136168821708,0.016207879874822122,0.012814199550442811,4.6845832613469043E-7,1.4245014245014244E-6,0.0,0.0,8787242.449757295,5.778804698770436E10,0.0,1.292093561305998E11,0.0,4.294558939996918E11,0.0
1,11.100000000000001,293.05008919495197,293.050098115062,293.0500891962204,293.05009811891955,1,0.01,4.684583261346903E-7,0.1,0.837536121673004,7646.219230769229,11.159159077770239,193.42542401468415,149.9261347401809,17991.136168821708,0.016207879874822122,0.012814199550442811,4.6845832613469043E-7,1.4245014245014244E-6,0.0,0.0,8787242.449757295,5.778804698770436E10,0.0,1.292093561305998E11,0.0,4.294558939996918E11,0.0
1,11.200000000000001,293.03924527288336,293.0392525438309,293.0392452739173,293.0392525469753,1,0.01,4.684583261346903E-7,0.1,0.837536121673004,7646.219230769229,11.159159077770239,193.42542401468415,149.9261347401809,17991.136168821708,0.016207879874822122,0.012814199550442811,4.6845832613469043E-7,1.4245014245014244E-6,0.0,0.0,8787242.449757295,5.778804698770436E10,0.0,1.292093561305998E11,0.0,4.294558939996918E11,0.0
1,11.3,293.03060843866433,293.03061433664254,293.030608439503,293.03061433919316,1,0.01,4.684583261346903E-7,0.1,0.837536121673004,7646.219230769229,11.159159077770239,193.42542401468415,149.9261347401809,17991.136168821708,0.016207879874822122,0.012814199550442811,4.6845832613469043E-7,1.4245014245014244E-6,0.0,0.0,8787242.449757295,5.778804698770436E10,0.0,1.292093561305998E11,0.0,4.294558939996918E11,0.0
1,11.4,293.02376192421553,293.0237666850051,293.02376192489254,293.023766687064,1,0.01,4.684583261346903E-7,0.1,0.837536121673004,7646.219230769229,11.159159077770239,193.42542401468415,149.9261347401809,17991.136168821708,0.016207879874822122,0.012814199550442811,4.6845832613469043E-7,1.4245014245014244E-6,0.0,0.0,8787242.449757295,5.778804698770436E10,0.0,1.292093561305998E11,0.0,4.294558939996918E11,0.0
1,11.5,293.01836053314446,293.01836435690757,293.01836053368817,293.0183643585612,1,0.01,4.684583261346903E-7,0.1,0.837536121673004,7646.219230769229,11.159159077770239,193.42542401468415,149.9261347401809,17991.136168821708,0.016207879874822122,0.012814199550442811,4.6845832613469043E-7,1.4245014245014244E-6,0.0,0.0,8787242.449757295,5.778804698770436E10,0.0,1.292093561305998E11,0.0,4.294558939996918E11,0.0
1,11.600000000000001,293.01411983035064,293.01412288605013,293.01411983078515,293.0141228873716,1,0.01,4.684583261346903E-7,0.1,0.837536121673004,7646.219230769229,11.159159077770239,193.42542401468415,149.9261347401809,17991.136168821708,0.016207879874822122,0.012814199550442811,4.6845832613469043E-7,1.4245014245014244E-6,0.0,0.0,8787242.449757295,5.778804698770436E10,0.0,1.292093561305998E11,0.0,4.294558939996918E11,0.0
1,11.700000000000001,293.01080667493073,293.0108091044368,293.0108066752762,293.0108091054875,1,0.01,4.684583261346903E-7,0.1,0.837536121673004,7646.219230769229,11.159159077770239,193.42542401468415,149.9261347401809,17991.136168821708,0.016207879874822122,0.012814199550442811,4.6845832613469043E-7,1.4245014245014244E-6,0.0,0.0,8787242.449757295,5.778804698770436E10,0.0,1.292093561305998E11,0.0,4.294558939996918E11,0.0
1,11.8,293.00823098334786,293.0082329050316,293.0082309836211,293.00823290586266,1,0.01,4.684583261346903E-7,0.1,0.837536121673004,7646.219230769229,11.159159077770239,193.42542401468415,149.9261347401809,17991.136168821708,0.016207879874822122,0.012814199550442811,4.6845832613469043E-7,1.4245014245014244E-6,0.0,0.0,8787242.449757295,5.778804698770436E10,0.0,1.292093561305998E11,0.0,4.294558939996918E11,0.0
1,11.9,293.00623860835907,293.00624012045586,293.0062386085741,293.0062401211098,1,0.01,4.684583261346903E-7,0.1,0.837536121673004,7646.219230769229,11.159159077770239,193.42542401468415,149.9261347401809,17991.136168821708,0.016207879874822122,0.012814199550442811,4.6845832613469043E-7,1.4245014245014244E-6,0.0,0.0,8787242.449757295,5.778804698770436E10,0.0,1.292093561305998E11,0.0,4.294558939996918E11,0.0
1,12.0,293.00470522281034,293.0047064063598,293.00470522297866,293.00470640687166,1,0.01,4.684583261346903E-7,0.1,0.837536121673004,7646.219230769229,11.159159077770239,193.42542401468415,149.9261347401809,17991.136168821708,0.016207879874822122,0.012814199550442811,4.6845832613469043E-7,1.4245014245014244E-6,0.0,0.0,8787242.449757295,5.778804698770436E10,0.0,1.292093561305998E11,0.0,4.294558939996918E11,0.0
1,12.100000000000001,293.00353110020507,293.00353202168543,293.0035311003361,293.00353202208396,1,0.01,4.684583261346903E-7,0.1,0.837536121673004,7646.219230769229,11.159159077770239,193.42542401468415,149.9261347401809,17991.136168821708,0.016207879874822122,0.012814199550442811,4.6845832613469043E-7,1.4245014245014244E-6,0.0,0.0,8787242.449757295,5.778804698770436E10,0.0,1.292093561305998E11,0.0,4.294558939996918E11,0.0
1,12.200000000000001,293.0026366895341,293.0026374031144,293.00263668963555,293.002637403423,1,0.01,4.684583261346903E-7,0.1,0.837536121673004,7646.219230769229,11.159159077770239,193.42542401468415,149.9261347401809,17991.136168821708,0.016207879874822122,0.012814199550442811,4.6845832613469043E-7,1.4245014245014244E-6,0.0,0.0,8787242.449757295,5.778804698770436E10,0.0,1.292093561305998E11,0.0,4.294558939996918E11,0.0
1,12.3,293.00195888818223,293.00195943778397,293.0019588882604,293.0019594380217,1,0.01,4.684583261346903E-7,0.1,0.837536121673004,7646.219230769229,11.159159077770239,193.42542401468415,149.9261347401809,17991.136168821708,0.016207879874822122,0.012814199550442811,4.6845832613469043E-7,1.4245014245014244E-6,0.0,0.0,8787242.449757295,5.778804698770436E10,0.0,1.292093561305998E11,0.0,4.294558939996918E11,0.0
1,12.4,293.001447922952,293.0014483439638,293.0014479230119,293.00144834414584,1,0.01,4.684583261346903E-7,0.1,0.837536121673004,7646.219230769229,11.159159077770239,193.42542401468415,149.9261347401809,17991.136168821708,0.016207879874822122,0.012814199550442811,4.6845832613469043E-7,1.4245014245014244E-6,0.0,0.0,8787242.449757295,5.778804698770436E10,0.0,1.292093561305998E11,0.0,4.294558939996918E11,0.0
1,12.5,293.0010647577585,293.00106507850955,293.0010647578041,293.00106507864825,1,0.01,4.684583261346903E-7,0.1,0.837536121673004,7646.219230769229,11.159159077770239,193.42542401468415,149.9261347401809,17991.136168821708,0.016207879874822122,0.012814199550442811,4.6845832613469043E-7,1.4245014245014244E-6,0.0,0.0,8787242.449757295,5.778804698770436E10,0.0,1.292093561305998E11,0.0,4.294558939996918E11,0.0
1,12.600000000000001,293.00077895278605,293.0007791957429,293.0007789528206,293.000779195848,1,0.01,4.684583261346903E-7,0.1,0.837536121673004,7646.219230769229,11.159159077770239,193.42542401468415,149.9261347401809,17991.136168821708,0.016207879874822122,0.012814199550442811,4.6845832613469043E-7,1.4245014245014244E-6,0.0,0.0,8787242.449757295,5.778804698770436E10,0.0,1.292093561305998E11,0.0,4.294558939996918E11,0.0
1,12.700000000000001,293.0005669081062,293.00056709115637,293.0005669081322,293.00056709123555,1,0.01,4.684583261346903E-7,0.1,0.837536121673004,7646.219230769229,11.159159077770239,193.42542401468415,149.9261347401809,17991.136168821708,0.016207879874822122,0.012814199550442811,4.6845832613469043E-7,1.4245014245014244E-6,0.0,0.0,8787242.449757295,5.778804698770436E10,0.0,1.292093561305998E11,0.0,4.294558939996918E11,0.0
1,12.8,293.00041043353565,293.0004105706474,293.00041043355515,293.0004105707067,1,0.01,4.684583261346903E-7,0.1,0.837536121673004,7646.219230769229,11.159159077770239,193.42542401468415,149.9261347401809,17991.136168821708,0.016207879874822122,0.012814199550442811,4.6845832613469043E-7,1.4245014245014244E-6,0.0,0.0,8787242.449757295,5.778804698770436E10,0.0,1.292093561305998E11,0.0,4.294558939996918E11,0.0
1,12.9,293.000295590232,293.0002956923081,293.00029559024654,293.00029569235227,1,0.01,4.684583261346903E-7,0.1,0.837536121673004,7646.219230769229,11.159159077770239,193.42542401468415,149.9261347401809,17991.136168821708,0.016207879874822122,0.012814199550442811,4.6845832613469043E-7,1.4245014245014244E-6,0.0,0.0,8787242.449757295,5.778804698770436E10,0.0,1.292093561305998E11,0.0,4.294558939996918E11,0.0
1,13.0,293.0002117602145,293.0002118359659,293.0002117602252,293.00021183599864,1,0.01,4.684583261346903E-7,0.1,0.837536121673004,7646.219230769229,11.159159077770239,193.42542401468415,149.9261347401809,17991.136168821708,0.016207879874822122,0.012814199550442811,4.6845832613469043E-7,1.4245014245014244E-6,0.0,0.0,8787242.449757295,5.778804698770436E10,0.0,1.292093561305998E11,0.0,4.294558939996918E11,0.0
1,13.100000000000001,293.00015090265936,293.0001509584558,293.00015090266726,293.0001509584799,1,0.01,4.684583261346903E-7,0.1,0.837536121673004,7646.219230769229,11.159159077770239,193.42542401468415,149.9261347401809,17991.136168821708,0.016207879874822122,0.012814199550442811,4.6845832613469043E-7,1.4245014245014244E-6,0.0,0.0,8787242.449757295,5.778804698770436E10,0.0,1.292093561305998E11,0.0,4.294558939996918E11,0.0
1,13.200000000000001,293.00010696503307,293.00010700587404,293.00010696503887,293.0001070058917,1,0.01,4.684583261346903E-7,0.1,0.837536121673004,7646.219230769229,11.159159077770239,193.42542401468415,149.9261347401809,17991.136168821708,0.016207879874822122,0.012814199550442811,4.6845832613469043E-7,1.4245014245014244E-6,0.0,0.0,8787242.449757295,5.778804698770436E10,0.0,1.292093561305998E11,0.0,4.294558939996918E11,0.0
1,13.3,293.00007541753627,293.0000754472841,293.0000754175405,293.0000754472969,1,0.01,4.684583261346903E-7,0.1,0.837536121673004,7646.219230769229,11.159159077770239,193.42542401468415,149.9261347401809,17991.136168821708,0.016207879874822122,0.012814199550442811,4.6845832613469043E-7,1.4245014245014244E-6,0.0,0.0,8787242.449757295,5.778804698770436E10,0.0,1.292093561305998E11,0.0,4.294558939996918E11,0.0
1,13.4,293.00005289181865,293.0000529133368,293.0000528918217,293.0000529133461,1,0.01,4.684583261346903E-7,0.1,0.837536121673004,7646.219230769229,11.159159077770239,193.42542401468415,149.9261347401809,17991.136168821708,0.016207879874822122,0.012814199550442811,4.6845832613469043E-7,1.4245014245014244E-6,0.0,0.0,8787242.449757295,5.778804698770436E10,0.0,1.292093561305998E11,0.0,4.294558939996918E11,0.0
1,13.5,293.00003689692164,293.00003691237157,293.00003689692386,293.0000369123783,1,0.01,4.684583261346903E-7,0.1,0.837536121673004,7646.219230769229,11.159159077770239,193.42542401468415,149.9261347401809,17991.136168821708,0.016207879874822122,0.012814199550442811,4.6845832613469043E-7,1.4245014245014244E-6,0.0,0.0,8787242.449757295,5.778804698770436E10,0.0,1.292093561305998E11,0.0,4.294558939996918E11,0.0
1,13.600000000000001,293.00002560261447,293.00002561355876,293.00002560261606,293.00002561356354,1,0.01,4.684583261346903E-7,0.1,0.837536121673004,7646.219230769229,11.159159077770239,193.42542401468415,149.9261347401809,17991.136168821708,0.016207879874822122,0.012814199550442811,4.6845832613469043E-7,1.4245014245014244E-6,0.0,0.0,8787242.449757295,5.778804698770436E10,0.0,1.292093561305998E11,0.0,4.294558939996918E11,0.0
1,13.700000000000001,293.0000176723746,293.00001768018495,293.00001767237575,293.00001768018836,1,0.01,4.684583261346903E-7,0.1,0.837536121673004,7646.219230769229,11.159159077770239,193.42542401468415,149.9261347401809,17991.136168821708,0.016207879874822122,0.012814199550442811,4.6845832613469043E-7,1.4245014245014244E-6,0.0,0.0,8787242.449757295,5.778804698770436E10,0.0,1.292093561305998E11,0.0,4.294558939996918E11,0.0
1,13.8,293.00001213440254,293.0000121398634,293.00001213440333,293.00001213986576,1,0.01,4.684583261346903E-7,0.1,0.837536121673004,7646.219230769229,11.159159077770239,193.42542401468415,149.9261347401809,17991.136168821708,0.016207879874822122,0.012814199550442811,4.6845832613469043E-7,1.4245014245014244E-6,0.0,0.0,8787242.449757295,5.778804698770436E10,0.0,1.292093561305998E11,0.0,4.294558939996918E11,0.0
1,13.9,293.0000082901803,293.00000829407196,293.00000829018086,293.00000829407367,1,0.01,4.684583261346903E-7,0.1,0.837536121673004,7646.219230769229,11.159159077770239,193.42542401468415,149.9261347401809,17991.136168821708,0.016207879874822122,0.012814199550442811,4.6845832613469043E-7,1.4245014245014244E-6,0.0,0.0,8787242.449757295,5.778804698770436E10,0.0,1.292093561305998E11,0.0,4.294558939996918E11,0.0
1,14.0,293.0000056359063,293.0000056386284,293.0000056359067,293.0000056386296,1,0.01,4.684583261346903E-7,0.1,0.837536121673004,7646.219230769229,11.159159077770239,193.42542401468415,149.9261347401809,17991.136168821708,0.016207879874822122,0.012814199550442811,4.6845832613469043E-7,1.4245014245014244E-6,0.0,0.0,8787242.449757295,5.778804698770436E10,0.0,1.292093561305998E11,0.0,4.294558939996918E11,0.0
1,14.100000000000001,293.0000038113352,293.0000038130746,293.0000038113355,293.0000038130754,1,0.01,4.684583261346903E-7,0.1,0.837536121673004,7646.219230769229,11.159159077770239,193.42542401468415,149.9261347401809,17991.136168821708,0.016207879874822122,0.012814199550442811,4.6845832613469043E-7,1.4245014245014244E-6,0.0,0.0,8787242.449757295,5.778804698770436E10,0.0,1.292093561305998E11,0.0,4.294558939996918E11,0.0
1,14.200000000000001,293.0000025642645,293.00000256560685,293.00000256426466,293.0000025656074,1,0.01,4.684583261346903E-7,0.1,0.837536121673004,7646.219230769229,11.159159077770239,193.42542401468415,149.9261347401809,17991.136168821708,0.016207879874822122,0.012814199550442811,4.6845832613469043E-7,1.4245014245014244E-6,0.0,0.0,8787242.449757295,5.778804698770436E10,0.0,1.292093561305998E11,0.0,4.294558939996918E11,0.0
1,14.3,293.00000171974693,293.00000172070764,293.00000171974705,293.00000172070804,1,0.01,4.684583261346903E-7,0.1,0.837536121673004,7646.219230769229,11.159159077770239,193.42542401468415,149.9261347401809,17991.136168821708,0.016207879874822122,0.012814199550442811,4.6845832613469043E-7,1.4245014245014244E-6,0.0,0.0,8787242.449757295,5.778804698770436E10,0.0,1.292093561305998E11,0.0,4.294558939996918E11,0.0
1,14.4,293.00000115160265,293.0000011522708,293.00000115160276,293.00000115227107,1,0.01,4.684583261346903E-7,0.1,0.837536121673004,7646.219230769229,11.159159077770239,193.42542401468415,149.9261347401809,17991.136168821708,0.016207879874822122,0.012814199550442811,4.6845832613469043E-7,1.4245014245014244E-6,0.0,0.0,8787242.449757295,5.778804698770436E10,0.0,1.292093561305998E11,0.0,4.294558939996918E11,0.0
1,14.5,293.00000076547065,293.00000076583086,293.0000007654707,293.00000076583103,1,0.01,4.684583261346903E-7,0.1,0.837536121673004,7646.219230769229,11.159159077770239,193.42542401468415,149.9261347401809,17991.136168821708,0.016207879874822122,0.012814199550442811,4.6845832613469043E-7,1.4245014245014244E-6,0.0,0.0,8787242.449757295,5.778804698770436E10,0.0,1.292093561305998E11,0.0,4.294558939996918E11,0.0
1,14.600000000000001,293.0000005152514,293.000000515416,293.00000051525143,293.0000005154161,1,0.01,4.684583261346903E-7,0.1,0.837536121673004,7646.219230769229,11.159159077770239,193.42542401468415,149.9261347401809,17991.136168821708,0.016207879874822122,0.012814199550442811,4.6845832613469043E-7,1.4245014245014244E-6,0.0,0.0,8787242.449757295,5.778804698770436E10,0.0,1.292093561305998E11,0.0,4.294558939996918E11,0.0
1,14.700000000000001,293.00000032572945,293.0000003260388,293.00000032572945,293.0000003260389,1,0.01,4.684583261346903E-7,0.1,0.837536121673004,7646.219230769229,11.159159077770239,193.42542401468415,149.9261347401809,17991.136168821708,0.016207879874822122,0.012814199550442811,4.6845832613469043E-7,1.4245014245014244E-6,0.0,0.0,8787242.449757295,5.778804698770436E10,0.0,1.292093561305998E11,0.0,4.294558939996918E11,0.0
1,14.8,293.00000019642175,293.00000019662343,293.00000019642175,293.0000001966235,1,0.01,4.684583261346903E-7,0.1,0.837536121673004,7646.219230769229,11.159159077770239,193.42542401468415,149.9261347401809,17991.136168821708,0.016207879874822122,0.012814199550442811,4.6845832613469043E-7,1.4245014245014244E-6,0.0,0.0,8787242.449757295,5.778804698770436E10,0.0,1.292093561305998E11,0.0,4.294558939996918E11,0.0
1,14.9,293.0000001260596,293.00000012622786,293.0000001260596,293.0000001262279,1,0.01,4.684583261346903E-7,0.1,0.837536121673004,7646.219230769229,11.159159077770239,193.42542401468415,149.9261347401809,17991.136168821708,0.016207879874822122,0.012814199550442811,4.6845832613469043E-7,1.4245014245014244E-6,0.0,0.0,8787242.449757295,5.778804698770436E10,0.0,1.292093561305998E11,0.0,4.294558939996918E11,0.0
1,15.0,293.0000000874698,293.0000000876237,293.0000000874698,293.00000008762373,1,0.01,4.684583261346903E-7,0.1,0.837536121673004,7646.219230769229,11.159159077770239,193.42542401468415,149.9261347401809,17991.136168821708,0.016207879874822122,0.012814199550442811,4.6845832613469043E-7,1.4245014245014244E-6,0.0,0.0,8787242.449757295,5.778804698770436E10,0.0,1.292093561305998E11,0.0,4.294558939996918E11,0.0
