x, Ts, Tf
0.0,293.0,873.0
0.001,310.4110143483697,872.9933895374048
0.002,327.24241788105735,872.9869769211432
0.003,343.5127191987773,872.9807555558126
0.004,359.2398469276578,872.9747190567339
0.005,374.441167949449,872.968861243373
0.006,389.1335050536559,872.9631761329365
0.007,403.33315402743074,872.9576579341782
0.008,417.0559002035339,872.9523010414118
0.009000000000000001,430.31703448115087,872.9471000286563
0.01,443.1313688382472,872.9420496440636
0.011,455.51325135114297,872.9371448044127
0.012,467.4765807363993,872.932380589876
0.013000000000000001,479.03482043122096,872.9277522388788
0.014,490.2010122263758,872.9232551431321
0.015,500.9877894662617,872.9188848428579
0.016,511.4073898297185,872.9146370221051
0.017,521.4716677052808,872.9105075042688
0.018000000000000002,531.1921061733598,872.9064922477378
0.019,540.5798286085738,872.9025873416235
0.02,549.645609913702,872.8987890017081
0.021,558.3998873974476,872.8950935664575
0.022,566.8527713074335,872.8914974931662
0.023,575.0140550290247,872.8879973542546
0.024,582.8932249614153,872.8845898336292
0.025,590.4994700805906,872.8812717232217
0.026000000000000002,597.841691199559,872.8780399196036
0.027,604.9285099357796,872.8748914206583
0.028,611.7682773945136,872.871823322449
0.029,618.3690825778949,872.8688328161162
0.03,624.7387605282247,872.8659171848908
0.031,630.8849002138505,872.8630738012173
0.032,636.8148521663436,872.860300123938
0.033,642.5357358765607,872.8575936955567
0.034,648.0544469575067,872.8549521396657
0.035,653.3776640814484,872.8523731583393
0.036000000000000004,658.5118556986753,872.8498545296967
0.037,663.463286544774,872.847394105496
0.038,668.2380239431286,872.8449898087993
0.039,672.8419439095619,872.8426396317411
0.04,677.2807370652166,872.8403416333532
0.041,681.5599143638889,872.8380939374409
0.042,685.6848126399046,872.8358947305395
0.043000000000000003,689.6605999820443,872.8337422599379
0.044,693.4922809396081,872.8316348317343
0.045,697.1847015653578,872.8295708090006
0.046,700.7425543012367,872.8275486099667
0.047,704.1703827114565,872.8255667062617
0.048,707.4725860680979,872.8236236212352
0.049,710.6534237938912,872.8217179283015
0.05,713.7170197668207,872.8198482493342
0.051000000000000004,716.6673664908828,872.8180132531573
0.052000000000000005,719.5083291374859,872.8162116540213
0.053,722.2436494614328,872.8144422101573
0.054,724.876949595724,872.8127037223533
0.055,727.4117357288678,872.8109950326309
0.056,729.8514016686241,872.809315022918
0.057,732.199232295792,872.807662613717
0.058,734.4584069114889,872.8060367629271
0.059000000000000004,736.6320024814086,872.8044364646114
0.06,738.7229967803166,872.8028607478371
0.061,740.734271440003,872.8013086755172
0.062,742.6686149037339,872.7997793433818
0.063,744.5287252902614,872.7982718788535
0.064,746.3172131701597,872.7967854400397
0.065,748.0366042573899,872.7953192147359
0.066,749.6893420187304,872.7938724194605
0.067,751.2777902037122,872.7924442985291
0.068,752.8042352975275,872.7910341231096
0.069,754.2708888994547,872.7896411903871
0.07,755.6798900290124,872.7882648226799
0.07100000000000001,757.0333073622973,872.7869043666258
0.07200000000000001,758.3331414005588,872.7855591923764
0.073,759.5813265732052,872.7842286928233
0.074,760.7797332773599,872.7829122828201
0.075,761.9301698558093,872.7816093985192
0.076,763.0343845154479,872.7803194965974
0.077,764.0940671879699,872.779042053583
0.078,765.110851334621,872.7777765652361
0.079,766.0863156967803,872.7765225458473
0.08,767.0219859940703,872.775279527654
0.081,767.9193365715502,872.7740470602263
0.082,768.7797919976479,872.7728247098605
0.083,769.6047286143228,872.7716120590679
0.084,770.3954760408941,872.7704087059512
0.085,771.1533186330203,872.769214263718
0.08600000000000001,771.8794968981662,872.768028360174
0.08700000000000001,772.5752088688884,872.7668506372034
0.088,773.2416114352188,872.7656807502651
0.089,773.8798216374499,872.7645183679726
0.09,774.4909179204301,872.7633631716119
0.091,775.0759413506016,872.7622148547043
0.092,775.6358967968858,872.7610731225909
0.093,776.1717540764831,872.7599376919898
0.094,776.6844490666817,872.7588082906441
0.095,777.174884783652,872.7576846568841
0.096,777.6439324292251,872.756566539318
0.097,778.0924324066366,872.7554536964003
0.098,778.52119530609,872.7543458961331
0.099,778.931002861121,872.753242915692
0.1,779.3226088765157,872.7521445411246
0.101,779.6967401287526,872.7510505670166
0.10200000000000001,780.0540972396326,872.7499607961938
0.10300000000000001,780.3953555239858,872.748875039418
0.10400000000000001,780.7211658121824,872.7477931151068
0.105,781.032155248151,872.7467148490249
0.106,781.328928063636,872.7456400740712
0.107,781.6120663294126,872.744568629971
0.108,781.8821306840711,872.7435003630362
0.109,782.1396610410342,872.7424351259334
0.11,782.3851772744484,872.7413727774366
0.111,782.6191798845674,872.7403131822152
0.112,782.8421506431524,872.7392562105779
0.113,783.0545532195056,872.7382017382967
0.114,783.2568337876983,872.7371496463907
0.115,783.4494216155056,872.7360998209242
0.116,783.6327296355507,872.7350521528009
0.117,783.8071549991956,872.7340065376197
0.11800000000000001,783.9730796136589,872.7329628754478
0.11900000000000001,784.130870662813,872.7319210706764
0.12,784.2808811121427,872.7308810318357
0.121,784.4234501982867,872.7298426714669
0.122,784.5589039036294,872.7288059059127
0.123,784.6875554163342,872.7277706552252
0.124,784.8097055762335,872.7267368429759
0.125,784.9256433069709,872.725704396142
0.126,785.0356460347941,872.7246732449471
0.127,785.1399800943564,872.7236433227631
0.128,785.2389011218752,872.722614565954
0.129,785.3326544360592,872.7215869137777
0.13,785.4214754070747,872.7205603082454
0.131,785.5055898139365,872.7195346940387
0.132,785.5852141906224,872.718510018371
0.133,785.6605561612328,872.717486230909
0.134,785.7318147645163,872.7164632836495
0.135,785.7991807680334,872.7154411308228
0.136,785.8628369722718,872.7144197288313
0.137,785.9229585049862,872.713399036121
0.138,785.9797131060376,872.7123790131062
0.139,786.0332614030059,872.7113596221063
0.14,786.0837571778221,872.7103408272311
0.14100000000000001,786.1313476246972,872.7093225943261
0.14200000000000002,786.1761735995767,872.7083048909017
0.14300000000000002,786.2183698613682,872.7072876860436
0.14400000000000002,786.2580653051699,872.706270950349
0.145,786.2953831877455,872.705254655865
0.146,786.3304413454506,872.7042387760386
0.147,786.3633524048176,872.7032232856151
0.148,786.3942239860847,872.7022081606261
0.149,786.4231588997243,872.7011933783051
0.15,786.4502553363551,872.7001789170494
0.151,786.4756070500829,872.6991647563344
0.152,786.4993035355482,872.6981508767125
0.153,786.5214301988287,872.6971372597271
0.154,786.5420685223868,872.6961238878806
0.155,786.5612962242511,872.6951107445876
0.156,786.5791874115702,872.6940978141477
0.157,786.5958127287545,872.6930850816656
0.158,786.6112395003217,872.6920725330616
0.159,786.6255318686334,872.6910601549985
0.16,786.6387509266763,872.690047934857
0.161,786.650954846031,872.689035860703
0.162,786.6621990001778,872.6880239212527
0.163,786.6725360832826,872.687012105841
0.164,786.6820162246095,872.6860004043933
0.165,786.6906870986871,872.6849888074053
0.166,786.6985940313749,872.6839773058855
0.167,786.7057801019379,872.6829658913691
0.168,786.7122862412673,872.6819545558636
0.169,786.7181513263884,872.6809432918178
0.17,786.7234122713446,872.6799320921427
0.171,786.7281041145817,872.6789209501472
0.17200000000000001,786.7322601029639,872.6779098595302
0.17300000000000001,786.7359117725211,872.6768988143631
0.17400000000000002,786.7390890260119,872.6758878090675
0.17500000000000002,786.7418202074614,872.674876838399
0.176,786.7441321737151,872.6738658974286
0.177,786.7460503631341,872.6728549815388
0.178,786.7475988615464,872.671844086371
0.179,786.7488004655825,872.670833207847
0.18,786.7496767432675,872.6698223421528
0.181,786.7502480923507,872.6688114856918
0.182,786.750533796049,872.6678006351044
0.183,786.7505520765776,872.6667897872602
0.184,786.7503201464117,872.6657789392049
0.185,786.749854257393,872.6647680881991
0.186,786.7491697477606,872.6637572316725
0.187,786.7482810871787,872.6627463672137
0.188,786.7472019198252,872.6617354925927
0.189,786.7459451056299,872.6607246057221
0.19,786.7445227597109,872.6597137046443
0.191,786.7429462900869,872.6587027875586
0.192,786.7412264337333,872.6576918527788
0.193,786.7393732910214,872.6566808987267
0.194,786.7373963586363,872.6556699239582
0.195,786.7353045610023,872.6546589271228
0.196,786.7331062802947,872.6536479069688
0.197,786.7308093850658,872.6526368623369
0.198,786.7284212575756,872.6516257921423
0.199,786.7259488198379,872.6506146954063
0.2,786.7233985584668,872.6496035712136
0.201,786.7207765483533,872.6485924187209
0.202,786.7180884752189,872.6475812371514
0.203,786.7153396570957,872.6465700257893
0.20400000000000001,786.7125350647891,872.6455587839807
0.20500000000000002,786.7096793413319,872.6445475111134
0.20600000000000002,786.7067768205037,872.6435362066486
0.20700000000000002,786.7038315444469,872.6425248700813
0.20800000000000002,786.7008472803961,872.6415135009557
0.209,786.6978275365994,872.6405020988537
0.21,786.6947755774153,872.6394906633973
0.211,786.6916944376746,872.638479194243
0.212,786.6885869362845,872.6374676910795
0.213,786.6854556891602,872.6364561536299
0.214,786.6823031214699,872.6354445816417
0.215,786.6791314792519,872.6344329748921
0.216,786.6759428404215,872.6334213331825
0.217,786.6727391251965,872.6324096563325
0.218,786.6695221059637,872.6313979441885
0.219,786.6662934166112,872.6303861966124
0.22,786.6630545613755,872.6293744134858
0.221,786.6598069231843,872.6283625947038
0.222,786.6565517715451,872.6273507401793
0.223,786.6532902700054,872.6263388498377
0.224,786.6500234831909,872.6253269236167
0.225,786.6467523834342,872.6243149614659
0.226,786.6434778570549,872.6233029633461
0.227,786.6402007102437,872.6222909292252
0.228,786.6369216746397,872.6212788590817
0.229,786.633641412564,872.6202667529016
0.23,786.630360521937,872.6192546106774
0.231,786.627079540924,872.6182424324072
0.232,786.6237989522964,872.6172302180975
0.233,786.6205191875134,872.6162179677574
0.234,786.6172406305786,872.6152056814012
0.23500000000000001,786.6139636216266,872.6141933590467
0.23600000000000002,786.6106884603373,872.6131810007166
0.23700000000000002,786.6074154090659,872.6121686064357
0.23800000000000002,786.6041446958503,872.6111561762315
0.23900000000000002,786.6008765171429,872.6101437101336
0.24,786.5976110404639,872.6091312081746
0.241,786.5943484067648,872.6081186703876
0.242,786.5910887327534,872.607106096808
0.243,786.5878321129669,872.6060934874706
0.244,786.5845786217527,872.6050808424138
0.245,786.5813283151217,872.6040681616753
0.246,786.5780812324388,872.6030554452915
0.247,786.5748373979867,872.6020426933022
0.248,786.5715968225265,872.6010299057456
0.249,786.5683595045623,872.6000170826602
0.25,786.5651254316812,872.5990042240842
0.251,786.5618945816763,872.5979913300558
0.252,786.558666923722,872.5969784006122
0.253,786.5554424192349,872.5959654357912
0.254,786.552221022921,872.5949524356292
0.255,786.5490026836595,872.5939394001628
0.256,786.5457873450878,872.592926329427
0.257,786.5425749465443,872.5919132234569
0.258,786.5393654235902,872.5909000822867
0.259,786.5361587087943,872.5898869059491
0.26,786.5329547319326,872.5888736944761
0.261,786.5297534208972,872.5878604479
0.262,786.5265547020047,872.5868471662519
0.263,786.5233585001923,872.5858338495598
0.264,786.5201647397344,872.5848204978546
0.265,786.516973344461,872.5838071111629
0.266,786.5137842381026,872.5827936895126
0.267,786.5105973441944,872.5817802329296
0.268,786.5074125869453,872.5807667414396
0.269,786.5042298911114,872.5797532150659
0.27,786.5010491823327,872.578739653834
0.271,786.4978703866498,872.5777260577647
0.272,786.494693432056,872.5767124268808
0.273,786.4915182473371,872.5756987612032
0.274,786.4883447622362,872.5746850607524
0.275,786.4851729085415,872.5736713255469
0.276,786.4820026193041,872.5726575556059
0.277,786.4788338288539,872.571643750947
0.278,786.4756664740169,872.5706299115875
0.279,786.4725004928962,872.5696160375434
0.28,786.4693358250978,872.5686021288308
0.281,786.466172412278,872.5675881854644
0.28200000000000003,786.4630101975911,872.5665742074583
0.28300000000000003,786.4598491264645,872.5655601948264
0.28400000000000003,786.4566891459729,872.5645461475818
0.28500000000000003,786.4535302045009,872.5635320657368
0.28600000000000003,786.4503722528056,872.5625179493026
0.28700000000000003,786.4472152429047,872.561503798291
0.28800000000000003,786.444059129182,872.560489612713
0.289,786.4409038669913,872.5594753925791
0.29,786.4377494138719,872.5584611378973
0.291,786.4345957287481,872.5574468486785
0.292,786.4314427722036,872.5564325249309
0.293,786.4282905063728,872.5554181666623
0.294,786.4251388953335,872.5544037738815
0.295,786.4219879039036,872.5533893465953
0.296,786.4188374992243,872.5523748848113
0.297,786.4156876491642,872.5513603885358
0.298,786.4125383233351,872.5503458577751
0.299,786.4093894926827,872.5493312925356
0.3,786.4062411294119,872.548316692823
0.301,786.4030932069206,872.5473020586422
0.302,786.3999456997461,872.5462873899986
0.303,786.3967985836114,872.5452726868974
0.304,786.3936518356957,872.5442579493428
0.305,786.3905054335546,872.5432431773385
0.306,786.3873593566849,872.542228370889
0.307,786.3842135850349,872.5412135299981
0.308,786.3810680997098,872.5401986546694
0.309,786.377922882813,872.5391837449062
0.31,786.3747779168947,872.5381688007114
0.311,786.3716331862164,872.537153822088
0.312,786.3684886747014,872.5361388090392
0.313,786.3653443683157,872.5351237615674
0.314,786.362200253303,872.5341086796755
0.315,786.359056315781,872.5330935633652
0.316,786.3559125439212,872.5320784126387
0.317,786.3527689255408,872.531063227498
0.318,786.34962544957,872.5300480079454
0.319,786.3464821056032,872.5290327539822
0.32,786.3433388835347,872.52801746561
0.321,786.3401957738043,872.5270021428313
0.322,786.3370527673077,872.5259867856457
0.323,786.3339098561817,872.5249713940564
0.324,786.3307670318748,872.523955968063
0.325,786.3276242869764,872.5229405076678
0.326,786.3244816147111,872.5219250128714
0.327,786.3213390079948,872.5209094836742
0.328,786.3181964605038,872.5198939200783
0.329,786.3150539666984,872.5188783220843
0.33,786.3119115206895,872.5178626896919
0.331,786.3087691169974,872.5168470229024
0.332,786.3056267505694,872.5158313217167
0.333,786.3024844171598,872.5148155861356
0.334,786.299342112172,872.5137998161591
0.335,786.2961998318162,872.5127840117875
0.336,786.2930575713165,872.5117681730216
0.337,786.2899153278698,872.5107522998619
0.338,786.2867730976866,872.5097363923087
0.339,786.2836308772565,872.5087204503619
0.34,786.2804886637745,872.5077044740219
0.341,786.2773464547134,872.5066884632896
0.342,786.2742042467504,872.5056724181649
0.343,786.2710620378939,872.504656338647
0.34400000000000003,786.2679198258795,872.5036402247371
0.34500000000000003,786.2647776081808,872.5026240764354
0.34600000000000003,786.2616353826751,872.5016078937417
0.34700000000000003,786.2584931476955,872.5005916766554
0.34800000000000003,786.2553509014261,872.499575425178
0.34900000000000003,786.2522086418938,872.4985591393078
0.35000000000000003,786.2490663678346,872.4975428190464
0.35100000000000003,786.2459240779854,872.4965264643927
0.352,786.2427817701633,872.4955100753479
0.353,786.239639442762,872.49449365191
0.354,786.2364970953939,872.493477194081
0.355,786.2333547271824,872.4924607018601
0.356,786.2302123368652,872.4914441752467
0.357,786.2270699231792,872.4904276142413
0.358,786.223927485081,872.4894110188437
0.359,786.2207850223504,872.4883943890537
0.36,786.2176425337244,872.4873777248712
0.361,786.2145000185479,872.4863610262959
0.362,786.2113574762132,872.485344293328
0.363,786.2082149054571,872.4843275259674
0.364,786.2050723062795,872.4833107242143
0.365,786.2019296779,872.4822938880677
0.366,786.1987870198355,872.481277017527
0.367,786.1956443320861,872.4802601125939
0.368,786.1925016133888,872.4792431732667
0.369,786.1893588637433,872.4782261995462
0.37,786.1862160831496,872.4772091914315
0.371,786.1830732704864,872.4761921489225
0.372,786.1799304256124,872.4751750720192
0.373,786.1767875485269,872.4741579607215
0.374,786.17364463923,872.4731408150288
0.375,786.1705016965493,872.4721236349417
0.376,786.167358720394,872.4711064204597
0.377,786.1642157107648,872.4700891715821
0.378,786.161072667661,872.4690718883097
0.379,786.1579295910819,872.4680545706408
0.38,786.1547864804835,872.4670372185767
0.381,786.1516433351476,872.4660198321162
0.382,786.148500155074,872.4650024112593
0.383,786.1453569402632,872.4639849560066
0.384,786.1422136907147,872.4629674663564
0.385,786.1390704064286,872.4619499423097
0.386,786.1359270874048,872.4609323838662
0.387,786.1327837336432,872.4599147910253
0.388,786.1296403451439,872.4588971637866
0.389,786.1264969219058,872.4578795021503
0.39,786.1233534628385,872.4568618061162
0.391,786.1202099677711,872.4558440756836
0.392,786.117066436703,872.4548263108528
0.393,786.1139228696347,872.4538085116235
0.394,786.110779266566,872.4527906779957
0.395,786.1076356274966,872.4517728099687
0.396,786.1044919524264,872.4507549075418
0.397,786.1013482413556,872.4497369707153
0.398,786.098204494284,872.4487189994885
0.399,786.0950607112119,872.4477009938616
0.4,786.0919168921389,872.4466829538351
0.401,786.0887730370652,872.4456648794086
0.402,786.0856291459905,872.4446467705804
0.403,786.0824852189154,872.4436286273522
0.404,786.0793412558393,872.4426104497228
0.405,786.0761972567624,872.4415922376918
0.406,786.0730532216847,872.4405739912595
0.40700000000000003,786.0699091506066,872.4395557104248
0.40800000000000003,786.0667650435275,872.4385373951886
0.40900000000000003,786.0636209004475,872.4375190455497
0.41000000000000003,786.0604767213667,872.4365006615084
0.41100000000000003,786.0573325062849,872.4354822430649
0.41200000000000003,786.0541882552023,872.4344637902178
0.41300000000000003,786.0510439681188,872.4334453029677
0.41400000000000003,786.0478996450342,872.4324267813145
0.41500000000000004,786.0447552859486,872.4314082252574
0.41600000000000004,786.0416108908619,872.4303896347964
0.417,786.0384664597731,872.4293710099311
0.418,786.035321992683,872.4283523506618
0.419,786.0321774894177,872.4273336569879
0.42,786.0290329498854,872.4263149289094
0.421,786.0258883738304,872.4252961664258
0.422,786.0227437614033,872.4242773695369
0.423,786.0195991125223,872.4232585382424
0.424,786.0164544273778,872.4222396725427
0.425,786.0133097057312,872.421220772437
0.426,786.0101649476901,872.4202018379247
0.427,786.00702015324,872.4191828690064
0.428,786.0038753223723,872.4181638656817
0.429,786.0007304551647,872.41714482795
0.43,785.9975855515729,872.4161257558108
0.431,785.9944406115769,872.4151066492641
0.432,785.9912956350797,872.4140875083107
0.433,785.9881506222372,872.413068332949
0.434,785.9850055730375,872.4120491231797
0.435,785.9818604873602,872.4110298790015
0.436,785.9787153653251,872.410010600416
0.437,785.9755702068284,872.4089912874208
0.438,785.97242501209,872.4079719400166
0.439,785.9692797808649,872.4069525582036
0.44,785.9661345133118,872.4059331419811
0.441,785.9629892092667,872.4049136913494
0.442,785.9598438688469,872.4038942063079
0.443,785.9566984920519,872.4028746868557
0.444,785.9535530788909,872.4018551329933
0.445,785.9504076293505,872.4008355447206
0.446,785.9472621432919,872.3998159220373
0.447,785.9441166209217,872.3987962649429
0.448,785.9409710622226,872.3977765734373
0.449,785.9378254671125,872.3967568475201
0.45,785.9346798353733,872.3957370871909
0.451,785.9315341674087,872.3947172924502
0.452,785.9283884631997,872.3936974632971
0.453,785.9252427224044,872.3926775997318
0.454,785.9220969452791,872.391657701754
0.455,785.9189511318393,872.3906377693631
0.456,785.9158052817545,872.3896178025592
0.457,785.9126593954892,872.3885978013421
0.458,785.9095134727843,872.3875777657119
0.459,785.9063675136563,872.3865576956674
0.46,785.9032215182871,872.3855375912091
0.461,785.9000754862499,872.3845174523364
0.462,785.8969294181736,872.3834972790488
0.463,785.8937833133043,872.3824770713463
0.464,785.8906371723896,872.3814568292291
0.465,785.8874909949092,872.3804365526966
0.466,785.884344781042,872.379416241749
0.467,785.8811985308791,872.3783958963851
0.468,785.8780522443413,872.3773755166058
0.46900000000000003,785.8749059211568,872.3763551024103
0.47000000000000003,785.8717595619366,872.3753346537981
0.47100000000000003,785.8686131661045,872.3743141707695
0.47200000000000003,785.8654667339133,872.373293653324
0.47300000000000003,785.8623202654655,872.3722731014622
0.47400000000000003,785.859173760379,872.3712525151826
0.47500000000000003,785.856027219198,872.3702318944852
0.47600000000000003,785.8528806413383,872.36921123937
0.47700000000000004,785.8497340273763,872.3681905498369
0.47800000000000004,785.8465873769404,872.3671698258859
0.47900000000000004,785.8434406900304,872.3661490675163
0.48,785.840293966651,872.365128274728
0.481,785.8371472072067,872.3641074475208
0.482,785.8340004110504,872.3630865858945
0.483,785.8308535785775,872.362065689849
0.484,785.8277067098587,872.3610447593837
0.485,785.824559804696,872.3600237944985
0.486,785.8214128631963,872.3590027951934
0.487,785.8182658851523,872.3579817614681
0.488,785.8151188708716,872.356960693322
0.489,785.8119718201417,872.3559395907556
0.49,785.8088247331369,872.354918453768
0.491,785.8056776095639,872.3538972823598
0.492,785.80253044975,872.3528760765298
0.493,785.7993832534767,872.3518548362787
0.494,785.796236020839,872.3508335616051
0.495,785.7930887518988,872.3498122525095
0.496,785.7899414464432,872.3487909089918
0.497,785.7867941047303,872.3477695310514
0.498,785.7836467266293,872.3467481186877
0.499,785.7804993121237,872.3457266719013
0.5,785.7773518612355,872.3447051906916
0.501,785.7742043739736,872.3436836750584
0.502,785.7710568502865,872.3426621250013
0.503,785.7679092901739,872.3416405405203
0.504,785.7647616937907,872.3406189216151
0.505,785.7616140610245,872.3395972682857
0.506,785.7584663919175,872.3385755805317
0.507,785.7553186863939,872.337553858353
0.508,785.7521709444233,872.3365321017486
0.509,785.7490231660456,872.3355103107191
0.51,785.7458753513041,872.3344884852636
0.511,785.7427275002508,872.3334666253826
0.512,785.7395796128253,872.3324447310756
0.513,785.7364316890577,872.3314228023424
0.514,785.7332837288986,872.330400839182
0.515,785.7301357323222,872.3293788415951
0.516,785.7269876994781,872.3283568095814
0.517,785.7238396300719,872.3273347431395
0.518,785.72069152435,872.3263126422711
0.519,785.7175433824012,872.3252905069742
0.52,785.7143952040054,872.3242683372498
0.521,785.7112469892145,872.3232461330967
0.522,785.7080987379009,872.3222238945158
0.523,785.7049504503666,872.3212016215062
0.524,785.7018021265161,872.3201793140678
0.525,785.6986537662231,872.3191569722002
0.526,785.6955053694911,872.3181345959034
0.527,785.6923569364824,872.3171121851765
0.528,785.6892084671334,872.31608974002
0.529,785.6860599612701,872.3150672604335
0.53,785.6829114192059,872.3140447464168
0.531,785.6797628407096,872.3130221979696
0.532,785.6766142257251,872.3119996150916
0.533,785.6734655745033,872.3109769977829
0.534,785.6703168868648,872.3099543460428
0.535,785.6671681629156,872.3089316598712
0.536,785.6640194025432,872.3079089392679
0.537,785.6608706057744,872.3068861842329
0.538,785.6577217727961,872.305863394766
0.539,785.6545729031342,872.3048405708666
0.54,785.6514239974708,872.3038177125344
0.541,785.6482750551868,872.3027948197696
0.542,785.6451260766001,872.301771892572
0.543,785.6419770616587,872.3007489309414
0.544,785.6388280105081,872.2997259348767
0.545,785.6356789226028,872.2987029043788
0.546,785.6325297986964,872.2976798394465
0.547,785.6293806381796,872.2966567400803
0.548,785.6262314414535,872.2956336062794
0.549,785.6230822084145,872.2946104380442
0.55,785.6199329387655,872.2935872353736
0.551,785.6167836330142,872.2925639982683
0.552,785.613634290786,872.291540726728
0.553,785.6104849121808,872.2905174207518
0.554,785.6073354972355,872.2894940803399
0.555,785.604186045952,872.2884707054923
0.556,785.6010365581478,872.2874472962086
0.557,785.5978870341685,872.286423852488
0.558,785.5947374738099,872.2854003743307
0.559,785.5915878768781,872.2843768617367
0.56,785.5884382438699,872.2833533147052
0.561,785.5852885743514,872.2823297332365
0.562,785.5821388686519,872.28130611733
0.5630000000000001,785.5789891263037,872.2802824669859
0.5640000000000001,785.5758393477015,872.2792587822037
0.5650000000000001,785.572689532849,872.2782350629828
0.5660000000000001,785.5695396815004,872.2772113093232
0.5670000000000001,785.5663897939392,872.2761875212244
0.5680000000000001,785.563239869971,872.2751636986867
0.5690000000000001,785.5600899094877,872.27413984171
0.5700000000000001,785.5569399127473,872.2731159502933
0.5710000000000001,785.553789879655,872.2720920244375
0.5720000000000001,785.5506398102917,872.2710680641419
0.5730000000000001,785.547489704496,872.2700440694059
0.5740000000000001,785.5443395622914,872.2690200402299
0.5750000000000001,785.5411893837504,872.2679959766132
0.5760000000000001,785.5380391689745,872.2669718785553
0.577,785.5348889177102,872.2659477460564
0.578,785.5317386301691,872.2649235791164
0.579,785.5285883061872,872.2638993777348
0.58,785.525437946017,872.2628751419113
0.581,785.5222875498456,872.2618508716458
0.582,785.5191371176734,872.2608265669378
0.583,785.5159866495001,872.2598022277872
0.584,785.512836145326,872.2587778541938
0.585,785.509685605151,872.257753446158
0.586,785.506535028975,872.256729003679
0.587,785.5033844167982,872.255704526757
0.588,785.5002337686204,872.2546800153906
0.589,785.4970830844419,872.253655469581
0.59,785.4939323642626,872.2526308893276
0.591,785.4907816080824,872.2516062746299
0.592,785.4876308159014,872.2505816254876
0.593,785.4844799877196,872.249556941901
0.594,785.481329123537,872.2485322238683
0.595,785.4781782233536,872.247507471392
0.596,785.4750272871694,872.2464826844687
0.597,785.4718763149845,872.2454578631
0.598,785.4687253067989,872.2444330072873
0.599,785.4655742626126,872.2434081170294
0.6,785.4624231824255,872.242383192322
0.601,785.4592720662378,872.2413582331678
0.602,785.4561209140494,872.2403332395684
0.603,785.4529697258604,872.2393082115206
0.604,785.4498185016708,872.2382831490269
0.605,785.4466672414807,872.2372580520847
0.606,785.44351594529,872.2362329206961
0.607,785.4403646130991,872.2352077548595
0.608,785.4372132449073,872.2341825545742
0.609,785.4340618407149,872.2331573198409
0.61,785.430910400522,872.2321320506588
0.611,785.4277589243284,872.231106747028
0.612,785.4246074126764,872.2300814089483
0.613,785.4214558662867,872.2290560364183
0.614,785.4183042851591,872.2280306294396
0.615,785.415152669294,872.2270051880107
0.616,785.412001018691,872.2259797121317
0.617,785.4088493333504,872.2249542018023
0.618,785.4056976132722,872.2239286570232
0.619,785.4025458584565,872.2229030777933
0.62,785.3993940689033,872.2218774641125
0.621,785.3962422446126,872.2208518159805
0.622,785.3930903862754,872.2198261333978
0.623,785.3899384944634,872.2188004163639
0.624,785.3867865691769,872.2177746648782
0.625,785.383634610416,872.2167488789413
0.626,785.3804826181808,872.2157230585527
0.627,785.3773305924713,872.2146972037116
0.628,785.3741785345426,872.213671314418
0.629,785.3710264444026,872.212645390672
0.63,785.3678743220512,872.211619432473
0.631,785.3647221674889,872.2105934398213
0.632,785.3615699819783,872.2095674127164
0.633,785.3584177655192,872.2085413511581
0.634,785.3552655181123,872.2075152551466
0.635,785.3521132409606,872.2064891246818
0.636,785.348960934124,872.205462959763
0.637,785.3458085976027,872.2044367603908
0.638,785.3426562326597,872.2034105265647
0.639,785.3395038392952,872.2023842582847
0.64,785.3363514187722,872.2013579555503
0.641,785.333198971091,872.2003316183615
0.642,785.3300464975143,872.1993052467192
0.643,785.3268939992539,872.1982788406225
0.644,785.3237414763615,872.1972524000714
0.645,785.3205889301,872.1962259250658
0.646,785.3174363617326,872.1951994156054
0.647,785.3142837723759,872.1941728716898
0.648,785.3111311621769,872.1931462933196
0.649,785.3079785323987,872.1921196804941
0.65,785.3048258843046,872.1910930332134
0.651,785.301673219522,872.190066351478
0.652,785.2985205402124,872.1890396352875
0.653,785.2953678476395,872.1880128846421
0.654,785.2922151431063,872.1869860995423
0.655,785.2890624290991,872.1859592799879
0.656,785.2859097068814,872.1849324259784
0.657,785.2827569789793,872.1839055375146
0.658,785.2796042475402,872.1828786145959
0.659,785.2764515142069,872.1818516572228
0.66,785.2732987815054,872.1808246653949
0.661,785.2701460522914,872.1797976391128
0.662,785.2669933300247,872.1787705783782
0.663,785.2638406172324,872.1777434831905
0.664,785.2606879177036,872.1767163535504
0.665,785.2575352341368,872.1756891894572
0.666,785.2543825701503,872.1746619909134
0.667,785.2512299295634,872.1736347579183
0.668,785.248077317398,872.1726074904719
0.669,785.2449247374444,872.1715801885747
0.67,785.2417721947547,872.1705528522277
0.671,785.2386196940082,872.1695254814318
0.672,785.2354672406312,872.1684980761872
0.673,785.232314840289,872.1674706364953
0.674,785.2291624986881,872.1664431623569
0.675,785.2260102222181,872.1654156537732
0.676,785.2228580183812,872.164388110744
0.677,785.2197058935777,872.1633605332718
0.678,785.2165538553855,872.1623329213573
0.679,785.2134019125637,872.1613052750017
0.68,785.2102500727705,872.1602775942067
0.681,785.2070983457699,872.159249878974
0.682,785.2039467406669,872.1582221293046
0.683,785.2007952675671,872.157194345201
0.684,785.1976439376356,872.1561665266642
0.685,785.1944927621647,872.1551386736967
0.686,785.191341752803,872.1541107863002
0.687,785.1881909223193,872.1530828644777
0.6880000000000001,785.1850402844717,872.1520549082315
0.6890000000000001,785.1818898532816,872.1510269175645
0.6900000000000001,785.1787396437813,872.1499988924786
0.6910000000000001,785.1755896713448,872.1489708329773
0.6920000000000001,785.1724399532044,872.1479427390639
0.6930000000000001,785.1692905065571,872.1469146107416
0.6940000000000001,785.1661413498111,872.145886448014
0.6950000000000001,785.162992502426,872.144858250885
0.6960000000000001,785.1598439852852,872.1438300193582
0.6970000000000001,785.1566958199419,872.1428017534387
0.6980000000000001,785.1535480290966,872.1417734531306
0.6990000000000001,785.1504006364507,872.1407451184393
0.7000000000000001,785.1472536670419,872.1397167493695
0.7010000000000001,785.1441071472642,872.1386883459268
0.7020000000000001,785.1409611048695,872.1376599081169
0.7030000000000001,785.1378155688874,872.136631435946
0.704,785.1346705696131,872.1356029294208
0.705,785.1315261392,872.1345743885479
0.706,785.1283823106974,872.1335458133351
0.707,785.1252391194724,872.1325172037897
0.708,785.1220966020413,872.1314885599193
0.709,785.1189547964161,872.1304598817333
0.71,785.1158137427526,872.1294311692407
0.711,785.1126734830025,872.1284024224502
0.712,785.1095340603413,872.1273736413723
0.713,785.1063955202039,872.126344826018
0.714,785.1032579102823,872.1253159763975
0.715,785.1001212799622,872.124287092523
0.716,785.0969856799669,872.1232581744069
0.717,785.0938511643717,872.1222292220623
0.718,785.0907177883522,872.1212002355021
0.719,785.0875856092027,872.1201712147414
0.72,785.0844546870037,872.1191421597941
0.721,785.081325083857,872.1181130706766
0.722,785.0781968633108,872.1170839474057
0.723,785.075070092272,872.116054789998
0.724,785.0719448389884,872.1150255984713
0.725,785.0688211743383,872.113996372845
0.726,785.0656991714108,872.1129671131387
0.727,785.0625789049111,872.111937819373
0.728,785.0594604526215,872.1109084915694
0.729,785.0563438935752,872.1098791297503
0.73,785.0532293095218,872.1088497339388
0.731,785.0501167847132,872.1078203041593
0.732,785.0470064041646,872.1067908404375
0.733,785.043898255435,872.1057613427997
0.734,785.0407924278114,872.104731811274
0.735,785.0376890116913,872.103702245888
0.736,785.0345880992267,872.102672646672
0.737,785.0314897838399,872.1016430136556
0.738,785.0283941597589,872.1006133468716
0.739,785.0253013224013,872.0995836463528
0.74,785.0222113674104,872.0985539121326
0.741,785.0191243908953,872.097524144247
0.742,785.0160404888902,872.0964943427322
0.743,785.012959756907,872.0954645076249
0.744,785.0098822897793,872.0944346389648
0.745,785.0068081810113,872.0934047367906
0.746,785.0037375223754,872.0923748011436
0.747,785.0006704033557,872.091344832065
0.748,784.9976069104981,872.0903148295984
0.749,784.9945471268526,872.089284793787
0.75,784.99149113122,872.0882547246758
0.751,784.9884389973565,872.0872246223104
0.752,784.9853907931443,872.0861944867366
0.753,784.9823465796771,872.085164318002
0.754,784.9793064102272,872.084134116154
0.755,784.9762703292067,872.0831038812408
0.756,784.9732383709755,872.0820736133115
0.757,784.9702105585487,872.0810433124146
0.758,784.9671869022308,872.0800129785995
0.759,784.9641673981531,872.0789826119151
0.76,784.961152026624,872.0779522124097
0.761,784.958140750485,872.0769217801322
0.762,784.955133513173,872.0758913151303
0.763,784.9521302367771,872.0748608174504
0.764,784.949130819882,872.0738302871379
0.765,784.9461351352796,872.072799724237
0.766,784.9431430274892,872.07176912879
0.767,784.9401543101425,872.0707385008373
0.768,784.9371687631419,872.0697078404158
0.769,784.9341861296418,872.0686771475603
0.77,784.9312061128315,872.0676464223017
0.771,784.9282283724976,872.0666156646671
0.772,784.9252525213054,872.0655848746785
0.773,784.9222781209154,872.064554052354
0.774,784.9193046777918,872.0635231977044
0.775,784.9163316387396,872.062492310735
0.776,784.9133583861758,872.061461391443
0.777,784.9103842330805,872.0604304398186
0.778,784.90740841764,872.0593994558429
0.779,784.9044300975472,872.0583684394861
0.78,784.9014483439537,872.0573373907085
0.781,784.8984621350536,872.0563063094583
0.782,784.8954703492698,872.0552751956699
0.783,784.8924717580289,872.0542440492632
0.784,784.8894650181294,872.0532128701434
0.785,784.8864486636162,872.0521816581976
0.786,784.8834210972227,872.0511504132951
0.787,784.8803805812748,872.0501191352839
0.788,784.8773252281134,872.0490878239896
0.789,784.8742529899362,872.0480564792146
0.79,784.8711616480806,872.0470251007342
0.791,784.8680488017085,872.045993688297
0.792,784.8649118558485,872.0449622416197
0.793,784.8617480087885,872.0439307603871
0.794,784.858554238781,872.0428992442481
0.795,784.8553272900211,872.0418676928132
0.796,784.8520636578675,872.0408361056518
0.797,784.8487595732836,872.0398044822898
0.798,784.8454109864474,872.038772822193
0.799,784.8420135495109,872.0377411247991
0.8,784.8385625984401,872.036709389481
0.801,784.8350531339456,872.035677615551
0.802,784.8314798014109,872.0346458022602
0.803,784.8278368698108,872.033613948791
0.804,784.8241182095577,872.0325820542547
0.805,784.8203172692565,872.0315501176736
0.806,784.8164270512743,872.0305181380114
0.807,784.8124400861284,872.0294861141324
0.808,784.8083484056111,872.028454044807
0.809,784.8041435146056,872.027421928706
0.81,784.7998163615481,872.0263897643827
0.811,784.7953573074731,872.0253575502993
0.812,784.7907560935869,872.0243252847877
0.8130000000000001,784.7860018073094,872.0232929660386
0.8140000000000001,784.7810828467237,872.0222605921298
0.8150000000000001,784.77598688338,872.0212281609834
0.8160000000000001,784.7707008233772,872.0201956703556
0.8170000000000001,784.76521076667,872.0191631178627
0.8180000000000001,784.7595019645,872.0181305009244
0.8190000000000001,784.7535587749384,872.0170978168006
0.8200000000000001,784.7473646164021,872.0160650625322
0.8210000000000001,784.740901919119,872.0150322349778
0.8220000000000001,784.7341520744444,872.0139993307529
0.8230000000000001,784.7270953819466,872.0129663462558
0.8240000000000001,784.7197109941839,872.0119332776377
0.8250000000000001,784.7119768590998,872.0109001208037
0.8260000000000001,784.7038696599301,872.0098668713613
0.8270000000000001,784.6953647525514,872.0088335246397
0.8280000000000001,784.6864361001593,872.0078000756629
0.8290000000000001,784.6770562052042,872.006766519131
0.8300000000000001,784.6671960384929,872.005732849405
0.8310000000000001,784.656824965305,872.0046990604849
0.8320000000000001,784.6459106684913,872.0036651459916
0.833,784.6344190684059,872.002631099133
0.834,784.6223142395777,872.001596912721
0.835,784.6095583240063,872.0005625791084
0.836,784.5961114409441,871.9995280901684
0.837,784.5819315931828,871.9984934373053
0.838,784.5669745694472,871.9974586113802
0.839,784.5511938430755,871.9964236027204
0.84,784.5345404666726,871.9953884010769
0.841,784.5169629626683,871.9943529955965
0.842,784.4984072096474,871.9933173747911
0.843,784.4788163242907,871.9922815265036
0.844,784.4581305388241,871.9912454378639
0.845,784.4362870737901,871.9902090952875
0.846,784.4132200060272,871.9891724843925
0.847,784.3888601316876,871.9881355899956
0.848,784.3631348241466,871.9870983960615
0.849,784.3359678866358,871.9860608856579
0.85,784.3072793994465,871.9850230409158
0.851,784.2769855615253,871.98398484297
0.852,784.2449985262954,871.9829462719445
0.853,784.2112262315254,871.9819073068621
0.854,784.175572223069,871.9808679256221
0.855,784.1379354722736,871.9798281049269
0.856,784.0982101868816,871.9787878202584
0.857,784.0562856152458,871.9777470457751
0.858,784.0120458435956,871.9767057542857
0.859,783.9653695862484,871.9756639171738
0.86,783.9161299683851,871.9746215043225
0.861,783.8641943014378,871.9735784840664
0.862,783.8094238505853,871.9725348231112
0.863,783.7516735943013,871.9714904864593
0.864,783.6907919756691,871.9704454373216
0.865,783.6266206452246,871.9693996370603
0.866,783.5589941950709,871.9683530450835
0.867,783.4877398840357,871.9673056187821
0.868,783.4126773535756,871.966257313428
0.869,783.3336183341885,871.9652080820707
0.87,783.2503663420399,871.964157875463
0.871,783.1627163655354,871.9631066419499
0.872,783.0704545415283,871.9620543273527
0.873,782.9733578208885,871.9610008748732
0.874,782.8711936230984,871.9599462249928
0.875,782.7637194795868,871.9588903153442
0.876,782.6506826654481,871.957833080581
0.877,782.5318198192367,871.9567744522639
0.878,782.406856550485,871.9557143587396
0.879,782.275507034582,871.9546527249896
0.88,782.1374735946619,871.9535894725088
0.881,781.9924462701235,871.9525245191388
0.882,781.8401023713952,871.9514577789307
0.883,781.6801060205521,871.9503891619926
0.884,781.5121076773695,871.9493185743371
0.885,781.3357436504024,871.9482459176937
0.886,781.1506355926529,871.9471710893474
0.887,780.9563899813826,871.9460939819609
0.888,780.7525975816018,871.9450144834024
0.889,780.5388328927753,871.9439324765185
0.89,780.3146535782522,871.9428478389825
0.891,780.079599876916,871.9417604430467
0.892,779.8331939965244,871.94067015537
0.893,779.5749394882448,871.9395768367605
0.894,779.3043206017732,871.9384803419906
0.895,779.0208016205175,871.9373805195161
0.896,778.7238261762458,871.9362772112702
0.897,778.4128165425849,871.9351702523987
0.898,778.0871729067537,871.9340594709914
0.899,777.7462726188718,871.932944687836
0.9,777.3894694182146,871.9318257161284
0.901,777.0160926356773,871.930702361176
0.902,776.6254463717853,871.9295744201221
0.903,776.2168086494767,871.9284416816192
0.904,775.7894305409434,871.9273039255331
0.905,775.3425352677239,871.9261609225968
0.906,774.8753172732166,871.9250124340764
0.907,774.3869412668549,871.9238582114419
0.908,773.8765412390014,871.922697995967
0.909,773.3432194457067,871.9215315184016
0.91,772.7860453624302,871.9203584985547
0.911,772.2040546057297,871.919178644897
0.912,771.5962478219755,871.9179916541814
0.913,770.9615895420503,871.9167972109765
0.914,770.2990070009934,871.9155949872604
0.915,769.6073889214935,871.9143846419602
0.916,768.8855842601325,871.9131658204647
0.917,768.1324009151788,871.9119381541785
0.918,767.3466043947666,871.9107012599902
0.919,766.5269164442085,871.909454739774
0.92,765.6720136311293,871.9081981798581
0.921,764.7805258871635,871.9069311504901
0.922,763.8510350047508,871.9056532052338
0.923,762.882073087694,871.9043638804233
0.924,761.8721209539509,871.9030626945479
0.925,760.8196064891775,871.9017491476294
0.926,759.72290294943,871.90042272057
0.927,758.5803272114251,871.8990828745124
0.928,757.3901379686355,871.8977290501348
0.929,756.1505338715332,871.8963606669537
0.93,754.8596516101508,871.8949771226007
0.931,753.5155639371021,871.8935777920669
0.932,752.1162776291532,871.8921620269198
0.933,750.6597313853445,871.8907291545366
0.934,749.1437936596125,871.8892784772207
0.935,747.5662604257553,871.88780927141
0.936,745.9248528726212,871.8863207867755
0.937,744.2172150271181,871.8848122452866
0.9380000000000001,742.4409113028048,871.8832828403182
0.9390000000000001,740.5934239715688,871.8817317356584
0.9400000000000001,738.6721505558891,871.8801580645357
0.9410000000000001,736.6744011390832,871.8785609285709
0.9420000000000001,734.5973955908322,871.8769393967378
0.9430000000000001,732.4382607052181,871.8752925042389
0.9440000000000001,730.1940272483788,871.8736192513982
0.9450000000000001,727.8616269128208,871.871918602521
0.9460000000000001,725.4378891752766,871.8701894846331
0.9470000000000001,722.9195380549812,871.8684307863048
0.9480000000000001,720.3031887690175,871.8666413563222
0.9490000000000001,717.5853442813739,871.8648200024032
0.9500000000000001,714.7623917421585,871.86296548982
0.9510000000000001,711.8305988133869,871.8610765399968
0.9520000000000001,708.7861098775177,871.8591518290722
0.9530000000000001,705.6249421248999,871.8571899863872
0.9540000000000001,702.3429815161277,871.8551895929688
0.9550000000000001,698.9359786150815,871.8531491799049
0.9560000000000001,695.3995442884425,871.8510672267373
0.9570000000000001,691.7291452671996,871.8489421597567
0.9580000000000001,687.9200995655927,871.8467723502348
0.9590000000000001,683.9675717527342,871.8445561126539
0.96,679.8665680720275,871.8422917028383
0.961,675.6119314033359,871.8399773160097
0.962,671.1983360626198,871.8376110848537
0.963,666.6202824337447,871.8351910774184
0.964,661.8720914267765,871.8327152950551
0.965,656.9478987570606,871.8301816702276
0.966,651.8416490390711,871.8275880642609
0.967,646.547089688976,871.824932265022
0.968,641.0577646294599,871.8222119845494
0.969,635.3670077902715,871.8194248565707
0.97,629.4679363977291,871.8165684339381
0.971,623.353444046138,871.8136401860525
0.972,617.016193543916,871.8106374961038
0.973,610.4486095269264,871.8075576582986
0.974,603.6428708312834,871.8043978749581
0.975,596.5909026176926,871.8011552535519
0.976,589.2843682389979,871.7978268036113
0.977,581.7146608425463,871.7944094335656
0.978,573.8728946984659,871.7908999474561
0.979,565.7498962448267,871.7872950415544
0.98,557.3361948403019,871.7835913008848
0.981,548.6220132146526,871.7797851956097
0.982,539.5972576070002,871.7758730773254
0.983,530.2515075815902,871.7718511751999
0.984,520.5740055103685,871.7677155920386
0.985,510.5536457113525,871.763462300189
0.986,500.1789632314192,871.759087137312
0.987,489.43812226177255,871.7545858020178
0.988,478.3189041739526,871.7499538493864
0.989,466.80869516386366,871.7451866863219
0.99,454.8944734908852,871.7402795667533
0.991,442.5627962987211,871.7352275866939
0.992,429.79978600417974,871.7300256791389
0.993,416.5911162396651,871.7246686087827
0.994,402.9219973346661,871.7191509665699
0.995,388.7771613210664,871.7134671640899
0.996,374.14084644660295,871.7076114277627
0.997,358.99678118028675,871.7015777837446
0.998,343.3281676930883,871.695355495925
0.999,327.1176648013435,871.6866465589411
1.0,310.3473727112227,870.5273194473574
1.0010000000000001,293.0,293.0
